fips,description
06037,"Los Angeles County, CA"
17031,"Cook County, IL"
48201,"Harris County, TX"
04013,"Maricopa County, AZ"
06073,"San Diego County, CA"
06059,"Orange County, CA"
12086,"Miami-Dade County, FL"
36047,"Kings County, NY"
48113,"Dallas County, TX"
06065,"Riverside County, CA"
36081,"Queens County, NY"
06071,"San Bernardino County, CA"
53033,"King County, WA"
32003,"Clark County, NV"
48439,"Tarrant County, TX"
06085,"Santa Clara County, CA"
12011,"Broward County, FL"
48029,"Bexar County, TX"
26163,"Wayne County, MI"
36061,"New York County, NY"
06001,"Alameda County, CA"
25017,"Middlesex County, MA"
42101,"Philadelphia County, PA"
36103,"Suffolk County, NY"
06067,"Sacramento County, CA"
36005,"Bronx County, NY"
12099,"Palm Beach County, FL"
36059,"Nassau County, NY"
12057,"Hillsborough County, FL"
39035,"Cuyahoga County, OH"
12095,"Orange County, FL"
26125,"Oakland County, MI"
39049,"Franklin County, OH"
42003,"Allegheny County, PA"
27053,"Hennepin County, MN"
48453,"Travis County, TX"
51059,"Fairfax County, VA"
06013,"Contra Costa County, CA"
49035,"Salt Lake County, UT"
24031,"Montgomery County, MD"
37119,"Mecklenburg County, NC"
04019,"Pima County, AZ"
29189,"St. Louis County, MO"
37183,"Wake County, NC"
13121,"Fulton County, GA"
15003,"Honolulu County, HI"
36119,"Westchester County, NY"
06019,"Fresno County, CA"
55079,"Milwaukee, WI"
09001,"Fairfield County, CT"
12103,"Pinellas County, FL"
47157,"Shelby County, TN"
18097,"Marion County, IN"
17043,"DuPage County, IL"
34003,"Bergen County, NJ"
36029,"Erie County, NY"
12031,"Duval County, FL"
24033,"Prince George's County, MD"
09003,"Hartford County, CT"
48085,"Collin County, TX"
13135,"Gwinnett County, GA"
06029,"Kern County, CA"
09009,"New Haven County, CT"
26099,"Macomb County, MI"
06075,"San Francisco County, CA"
06111,"Ventura County, CA"
48141,"El Paso County, TX"
53053,"Pierce County, WA"
34023,"Middlesex County, NJ"
48215,"Hidalgo County, TX"
24005,"Baltimore County, MD"
42091,"Montgomery County, PA"
25027,"Worcester County, MA"
39061,"Hamilton County, OH"
34013,"Essex County, NJ"
41051,"Multnomah County, OR"
25009,"Essex County, MA"
25025,"Suffolk County, MA"
40109,"Oklahoma County, OK"
21111,"Jefferson County, KY"
53061,"Snohomish County, WA"
06081,"San Mateo County, CA"
48121,"Denton County, TX"
36055,"Monroe County, NY"
13067,"Cobb County, GA"
13089,"DeKalb County, GA"
06077,"San Joaquin County, CA"
17097,"Lake County, IL"
25021,"Norfolk County, MA"
17197,"Will County, IL"
48157,"Fort Bend County, TX"
29095,"Jackson County, MO"
12071,"Lee County, FL"
35001,"Bernalillo County, NM"
34017,"Hudson County, NJ"
47037,"Davidson County, TN"
08041,"El Paso County, CO"
08031,"Denver County, CO"
01073,"Jefferson County, AL"
11001,"District of Columbia, DC"
12105,"Polk County, FL"
44007,"Providence County, RI"
40143,"Tulsa County, OK"
26081,"Kent County, MI"
34025,"Monmouth County, NJ"
42017,"Bucks County, PA"
24510,"Baltimore City County, MD"
08005,"Arapahoe County, CO"
34029,"Ocean County, NJ"
20091,"Johnson County, KS"
49049,"Utah County, UT"
41067,"Washington County, OR"
42045,"Delaware County, PA"
12009,"Brevard County, FL"
24003,"Anne Arundel County, MD"
08059,"Jefferson County, CO"
25005,"Bristol County, MA"
10003,"New Castle County, DE"
34039,"Union County, NJ"
31055,"Douglas County, NE"
39153,"Summit County, OH"
42071,"Lancaster County, PA"
39113,"Montgomery County, OH"
27123,"Ramsey County, MN"
06099,"Stanislaus County, CA"
17089,"Kane County, IL"
48339,"Montgomery County, TX"
55025,"Dane, WI"
42029,"Chester County, PA"
37081,"Guilford County, NC"
34007,"Camden County, NJ"
12127,"Volusia County, FL"
20173,"Sedgwick County, KS"
34031,"Passaic County, NJ"
25023,"Plymouth County, MA"
34027,"Morris County, NJ"
06097,"Sonoma County, CA"
48491,"Williamson County, TX"
18089,"Lake County, IN"
12101,"Pasco County, FL"
53063,"Spokane County, WA"
45045,"Greenville County, SC"
08001,"Adams County, CO"
36085,"Richmond County, NY"
25013,"Hampden County, MA"
36067,"Onondaga County, NY"
19153,"Polk County, IA"
06107,"Tulare County, CA"
53011,"Clark County, WA"
34005,"Burlington County, NJ"
51810,"Virginia Beach  Independent City, VA"
47093,"Knox County, TN"
22033,"East Baton Rouge Parish, LA"
51153,"Prince William County, VA"
12117,"Seminole County, FL"
42133,"York County, PA"
32031,"Washoe County, NV"
06083,"Santa Barbara County, CA"
22051,"Jefferson Parish, LA"
39095,"Lucas County, OH"
06053,"Monterey County, CA"
06095,"Solano County, CA"
16001,"Ada County, ID"
48061,"Cameron County, TX"
01097,"Mobile County, AL"
42011,"Berks County, PA"
26049,"Genesee County, MI"
27037,"Dakota County, MN"
33011,"Hillsborough, NH"
45079,"Richland County, SC"
12115,"Sarasota County, FL"
04021,"Pinal County, AZ"
55133,"Waukesha, WI"
41005,"Clackamas County, OR"
05119,"Pulaski County, AR"
22071,"Orleans Parish, LA"
45019,"Charleston County, SC"
29183,"St. Charles County, MO"
36071,"Orange County, NY"
39151,"Stark County, OH"
39017,"Butler County, OH"
34021,"Mercer County, NJ"
06061,"Placer County, CA"
18003,"Allen County, IN"
37067,"Forsyth County, NC"
51107,"Loudoun County, VA"
41039,"Lane County, OR"
42129,"Westmoreland County, PA"
42077,"Lehigh County, PA"
26161,"Washtenaw County, MI"
48355,"Nueces County, TX"
12081,"Manatee County, FL"
47065,"Hamilton County, TN"
01089,"Madison County, AL"
12021,"Collier County, FL"
27003,"Anoka County, MN"
12083,"Marion County, FL"
48039,"Brazoria County, TX"
51041,"Chesterfield County, VA"
34035,"Somerset County, NJ"
48027,"Bell County, TX"
49011,"Davis County, UT"
41047,"Marion County, OR"
37051,"Cumberland County, NC"
08069,"Larimer County, CO"
36087,"Rockland County, NY"
51087,"Henrico County, VA"
42079,"Luzerne County, PA"
12069,"Lake County, FL"
29510,"St. Louis City County, MO"
48167,"Galveston County, TX"
08035,"Douglas County, CO"
08013,"Boulder County, CO"
12097,"Osceola County, FL"
21067,"Fayette County, KY"
12033,"Escambia County, FL"
24027,"Howard County, MD"
36001,"Albany County, NY"
17111,"McHenry County, IL"
39093,"Lorain County, OH"
18057,"Hamilton County, IN"
31109,"Lancaster County, NE"
42095,"Northampton County, PA"
45051,"Horry County, SC"
33015,"Rockingham, NH"
02020,"Anchorage Borough, AK"
36027,"Dutchess County, NY"
48303,"Lubbock County, TX"
37063,"Durham County, NC"
45083,"Spartanburg County, SC"
12111,"St. Lucie County, FL"
34015,"Gloucester County, NJ"
47149,"Rutherford County, TN"
17201,"Winnebago County, IL"
23005,"Cumberland County, ME"
29077,"Greene County, MO"
12073,"Leon County, FL"
26065,"Ingham County, MI"
13051,"Chatham County, GA"
42049,"Erie County, PA"
06079,"San Luis Obispo County, CA"
08123,"Weld County, CO"
45063,"Lexington County, SC"
26139,"Ottawa County, MI"
34001,"Atlantic County, NJ"
09011,"New London County, CT"
42043,"Dauphin County, PA"
40027,"Cleveland County, OK"
06087,"Santa Cruz County, CA"
13063,"Clayton County, GA"
18141,"St. Joseph County, IN"
17119,"Madison County, IL"
53067,"Thurston County, WA"
48479,"Webb County, TX"
17163,"St. Clair County, IL"
06047,"Merced County, CA"
06041,"Marin County, CA"
26077,"Kalamazoo County, MI"
53035,"Kitsap County, WA"
55009,"Brown, WI"
12001,"Alachua County, FL"
22017,"Caddo Parish, LA"
48245,"Jefferson County, TX"
37021,"Buncombe County, NC"
24025,"Harford County, MD"
27163,"Washington County, MN"
53077,"Yakima County, WA"
22103,"St. Tammany Parish, LA"
51710,"Norfolk  Independent City, VA"
45091,"York County, SC"
05007,"Benton County, AR"
28049,"Hinds County, MS"
42041,"Cumberland County, PA"
24021,"Frederick County, MD"
48309,"McLennan County, TX"
49057,"Weber County, UT"
22055,"Lafayette Parish, LA"
51550,"Chesapeake Independent City, VA"
29047,"Clay County, MO"
39099,"Mahoning County, OH"
36065,"Oneida County, NY"
13057,"Cherokee County, GA"
39085,"Lake County, OH"
01101,"Montgomery County, AL"
51013,"Arlington County, VA"
36091,"Saratoga County, NY"
06007,"Butte County, CA"
29099,"Jefferson County, MO"
39165,"Warren County, OH"
05143,"Washington County, AR"
48423,"Smith County, TX"
04025,"Yavapai County, AZ"
12109,"St. Johns County, FL"
19113,"Linn County, IA"
37179,"Union County, NC"
51760,"Richmond  Independent City, VA"
37129,"New Hanover County, NC"
25001,"Barnstable County, MA"
13151,"Henry County, GA"
35013,"Dona Ana County, NM"
36063,"Niagara County, NY"
42069,"Lackawanna County, PA"
37071,"Gaston County, NC"
10005,"Sussex County, DE"
41029,"Jackson County, OR"
48041,"Brazos County, TX"
53073,"Whatcom County, WA"
06113,"Yolo County, CA"
42125,"Washington County, PA"
17019,"Champaign County, IL"
01117,"Shelby County, AL"
47187,"Williamson County, TN"
39155,"Trumbull County, OH"
13117,"Forsyth County, GA"
04015,"Mohave County, AZ"
04027,"Yuma County, AZ"
16027,"Canyon County, ID"
01125,"Tuscaloosa County, AL"
18039,"Elkhart County, IN"
13245,"Richmond County, GA"
39025,"Clermont County, OH"
23031,"York County, ME"
27137,"St. Louis County, MN"
12019,"Clay County, FL"
13215,"Muscogee County, GA"
01003,"Baldwin County, AL"
45015,"Berkeley County, SC"
17167,"Sangamon County, IL"
28047,"Harrison County, MS"
36007,"Broome County, NY"
22019,"Calcasieu Parish, LA"
12091,"Okaloosa County, FL"
26145,"Saginaw County, MI"
55101,"Racine, WI"
15001,"Hawaii County, HI"
45007,"Anderson County, SC"
37025,"Cabarrus County, NC"
13139,"Hall County, GA"
47125,"Montgomery County, TN"
54039,"Kanawha County, WV"
39041,"Delaware County, OH"
53005,"Benton County, WA"
17143,"Peoria County, IL"
42019,"Butler County, PA"
26093,"Livingston County, MI"
37133,"Onslow County, NC"
48209,"Hays County, TX"
09005,"Litchfield County, CT"
18157,"Tippecanoe County, IN"
06017,"El Dorado County, CA"
37101,"Johnston County, NC"
46099,"Minnehaha County, SD"
55087,"Outagamie, WI"
18163,"Vanderburgh County, IN"
51700,"Newport News  Independent City, VA"
36111,"Ulster County, NY"
06089,"Shasta County, CA"
06025,"Imperial County, CA"
20177,"Shawnee County, KS"
12005,"Bay County, FL"
12053,"Hernando County, FL"
39103,"Medina County, OH"
45013,"Beaufort County, SC"
37147,"Pitt County, NC"
17113,"McLean County, IL"
47165,"Sumner County, TN"
29019,"Boone County, MO"
31153,"Sarpy County, NE"
26121,"Muskegon County, MI"
10001,"Kent County, DE"
19163,"Scott County, IA"
28033,"DeSoto County, MS"
41017,"Deschutes County, OR"
39089,"Licking County, OH"
12015,"Charlotte County, FL"
55139,"Winnebago, WI"
42007,"Beaver County, PA"
55059,"Kenosha, WI"
24013,"Carroll County, MD"
37097,"Iredell County, NC"
42089,"Monroe County, PA"
18127,"Porter County, IN"
38017,"Cass County, ND"
45003,"Aiken County, SC"
44003,"Kent County, RI"
09007,"Middlesex County, CT"
39057,"Greene County, OH"
37057,"Davidson County, NC"
12113,"Santa Rosa County, FL"
21117,"Kenton County, KY"
15009,"Maui County, HI"
08101,"Pueblo County, CO"
39133,"Portage County, OH"
20209,"Wyandotte County, KS"
25015,"Hampshire County, MA"
55105,"Rock, WI"
50007,"Chittenden County, VT"
48139,"Ellis County, TX"
26147,"St. Clair County, MI"
36083,"Rensselaer County, NY"
26075,"Jackson County, MI"
42027,"Centre County, PA"
48251,"Johnson County, TX"
47163,"Sullivan County, TN"
22073,"Ouachita Parish, LA"
37001,"Alamance County, NC"
18063,"Hendricks County, IN"
48329,"Midland County, TX"
34011,"Cumberland County, NJ"
37035,"Catawba County, NC"
30111,"Yellowstone County, MT"
26021,"Berrien County, MI"
36093,"Schenectady County, NY"
24017,"Charles County, MD"
13021,"Bibb County, GA"
01081,"Lee County, AL"
27145,"Stearns County, MN"
12085,"Martin County, FL"
06039,"Madera County, CA"
48135,"Ector County, TX"
23019,"Penobscot County, ME"
42055,"Franklin County, PA"
49053,"Washington County, UT"
09013,"Tolland County, CT"
51510,"Alexandria  Independent City, VA"
06031,"Kings County, CA"
39045,"Fairfield County, OH"
27109,"Olmsted County, MN"
26115,"Monroe County, MI"
13223,"Paulding County, GA"
24043,"Washington County, MD"
13153,"Houston County, GA"
45035,"Dorchester County, SC"
08077,"Mesa County, CO"
28121,"Rankin County, MS"
16055,"Kootenai County, ID"
33013,"Merrimack, NH"
18081,"Johnson County, IN"
35049,"Santa Fe County, NM"
48187,"Guadalupe County, TX"
17161,"Rock Island County, IL"
42107,"Schuylkill County, PA"
12061,"Indian River County, FL"
34037,"Sussex County, NJ"
18105,"Monroe County, IN"
37151,"Randolph County, NC"
19103,"Johnson County, IA"
28059,"Jackson County, MS"
06055,"Napa County, CA"
12017,"Citrus County, FL"
13073,"Columbia County, GA"
37135,"Orange County, NC"
51179,"Stafford County, VA"
27139,"Scott County, MN"
37159,"Rowan County, NC"
45041,"Florence County, SC"
13097,"Douglas County, GA"
35043,"Sandoval County, NM"
04005,"Coconino County, AZ"
42021,"Cambria County, PA"
42075,"Lebanon County, PA"
51650,"Hampton  Independent City, VA"
39023,"Clark County, OH"
22063,"Livingston Parish, LA"
13077,"Coweta County, GA"
17179,"Tazewell County, IL"
55073,"Marathon, WI"
48441,"Taylor County, TX"
06023,"Humboldt County, CA"
26025,"Calhoun County, MI"
37155,"Robeson County, NC"
42051,"Fayette County, PA"
55131,"Washington, WI"
19013,"Black Hawk County, IA"
22079,"Rapides Parish, LA"
48485,"Wichita County, TX"
36013,"Chautauqua County, NY"
27171,"Wright County, MN"
18095,"Madison County, IN"
40017,"Canadian County, OK"
39173,"Wood County, OH"
51177,"Spotsylvania County, VA"
48381,"Randall County, TX"
25003,"Berkshire County, MA"
04003,"Cochise County, AZ"
05131,"Sebastian County, AR"
22105,"Tangipahoa Parish, LA"
37085,"Harnett County, NC"
44009,"Washington County, RI"
47009,"Blount County, TN"
47179,"Washington County, TN"
42013,"Blair County, PA"
33017,"Strafford, NH"
34019,"Hunterdon County, NJ"
21015,"Boone County, KY"
47189,"Wilson County, TN"
22015,"Bossier Parish, LA"
40031,"Comanche County, OK"
37191,"Wayne County, NC"
48091,"Comal County, TX"
48181,"Grayson County, TX"
48367,"Parker County, TX"
48183,"Gregg County, TX"
35045,"San Juan County, NM"
13059,"Clarke County, GA"
39139,"Richland County, OH"
48375,"Potter County, TX"
17093,"Kendall County, IL"
21227,"Warren County, KY"
23011,"Kennebec County, ME"
45077,"Pickens County, SC"
36075,"Oswego County, NY"
53057,"Skagit County, WA"
05045,"Faulkner County, AR"
41043,"Linn County, OR"
01103,"Morgan County, AL"
37019,"Brunswick County, NC"
49005,"Cache County, UT"
36045,"Jefferson County, NY"
55063,"La Crosse, WI"
29097,"Jasper County, MO"
09015,"Windham County, CT"
22005,"Ascension Parish, LA"
18035,"Delaware County, IN"
20045,"Douglas County, KS"
42081,"Lycoming County, PA"
48451,"Tom Green County, TX"
01015,"Calhoun County, AL"
39169,"Wayne County, OH"
05125,"Saline County, AR"
55117,"Sheboygan, WI"
42085,"Mercer County, PA"
18019,"Clark County, IN"
13185,"Lowndes County, GA"
13045,"Carroll County, GA"
26005,"Allegan County, MI"
12119,"Sumter County, FL"
30063,"Missoula County, MT"
22109,"Terrebonne Parish, LA"
17099,"La Salle County, IL"
48257,"Kaufman County, TX"
36089,"St. Lawrence County, NY"
17091,"Kankakee County, IL"
18091,"LaPorte County, IN"
37089,"Henderson County, NC"
24037,"St. Mary's County, MD"
54003,"Berkeley County, WV"
13113,"Fayette County, GA"
36069,"Ontario County, NY"
16019,"Bonneville County, ID"
26045,"Eaton County, MI"
17115,"Macon County, IL"
04017,"Navajo County, AZ"
18167,"Vigo County, IN"
45085,"Sumter County, SC"
21093,"Hardin County, KY"
23001,"Androscoggin County, ME"
41019,"Douglas County, OR"
46103,"Pennington County, SD"
34041,"Warren County, NJ"
26017,"Bay County, MI"
39029,"Columbiana County, OH"
39003,"Allen County, OH"
17037,"DeKalb County, IL"
51003,"Albemarle County, VA"
36109,"Tompkins County, NY"
37049,"Craven County, NC"
13217,"Newton County, GA"
01069,"Houston County, AL"
39109,"Miami County, OH"
13313,"Whitfield County, GA"
01055,"Etowah County, AL"
55127,"Walworth, WI"
12035,"Flagler County, FL"
05031,"Craighead County, AR"
47011,"Bradley County, TN"
53015,"Cowlitz County, WA"
54061,"Monongalia County, WV"
19193,"Woodbury County, IA"
41071,"Yamhill County, OR"
51085,"Hanover County, VA"
24015,"Cecil County, MD"
29071,"Franklin County, MO"
55039,"Fond du Lac, WI"
13015,"Bartow County, GA"
55035,"Eau Claire, WI"
28089,"Madison County, MS"
42001,"Adams County, PA"
24045,"Wicomico County, MD"
29037,"Cass County, MO"
02090,"Fairbanks North Star Borough, AK"
36079,"Putnam County, NY"
51770,"Roanoke  Independent City, VA"
39007,"Ashtabula County, OH"
12055,"Highlands County, FL"
21059,"Daviess County, KY"
02170,"Matanuska-Susitna Borough, AK"
26091,"Lenawee County, MI"
06057,"Nevada County, CA"
36101,"Steuben County, NY"
47113,"Madison County, TN"
30031,"Gallatin County, MT"
22057,"Lafourche Parish, LA"
51121,"Montgomery County, VA"
27019,"Carver County, MN"
05051,"Garland County, AR"
37045,"Cleveland County, NC"
54011,"Cabell County, WV"
56021,"Laramie County, WY"
19061,"Dubuque County, IA"
13115,"Floyd County, GA"
51740,"Portsmouth  Independent City, VA"
06101,"Sutter County, CA"
34009,"Cape May County, NJ"
29165,"Platte County, MO"
19169,"Story County, IA"
30029,"Flathead County, MT"
47155,"Sevier County, TN"
01095,"Marshall County, AL"
37127,"Nash County, NC"
39055,"Geauga County, OH"
51161,"Roanoke County, VA"
42097,"Northumberland County, PA"
48037,"Bowie County, TX"
19155,"Pottawattamie County, IA"
37125,"Moore County, NC"
01077,"Lauderdale County, AL"
39157,"Tuscarawas County, OH"
53025,"Grant County, WA"
13095,"Dougherty County, GA"
37157,"Rockingham County, NC"
36117,"Wayne County, NY"
21037,"Campbell County, KY"
27141,"Sherburne County, MN"
48469,"Victoria County, TX"
26055,"Grand Traverse County, MI"
38015,"Burleigh County, ND"
24009,"Calvert County, MD"
01083,"Limestone County, AL"
40131,"Rogers County, OK"
45075,"Orangeburg County, SC"
29021,"Buchanan County, MO"
33009,"Grafton, NH"
37023,"Burke County, NC"
48231,"Hunt County, TX"
42073,"Lawrence County, PA"
55027,"Dodge, WI"
26087,"Lapeer County, MI"
48397,"Rockwall County, TX"
53021,"Franklin County, WA"
36015,"Chemung County, NY"
48005,"Angelina County, TX"
55089,"Ozaukee, WI"
13247,"Rockdale County, GA"
42063,"Indiana County, PA"
41003,"Benton County, OR"
13297,"Walton County, GA"
06045,"Mendocino County, CA"
21151,"Madison County, KY"
51800,"Suffolk  Independent City, VA"
42039,"Crawford County, PA"
55109,"St. Croix, WI"
01115,"St. Clair County, AL"
54107,"Wood County, WV"
39119,"Muskingum County, OH"
47119,"Maury County, TN"
28081,"Lee County, MS"
55055,"Jefferson, WI"
41033,"Josephine County, OR"
16005,"Bannock County, ID"
48361,"Orange County, TX"
45057,"Lancaster County, SC"
22097,"St. Landry Parish, LA"
26111,"Midland County, MI"
18067,"Howard County, IN"
44005,"Newport County, RI"
13127,"Glynn County, GA"
51069,"Frederick County, VA"
29043,"Christian County, MO"
30013,"Cascade County, MT"
37027,"Caldwell County, NC"
37195,"Wilson County, NC"
36019,"Clinton County, NY"
01043,"Cullman County, AL"
42033,"Clearfield County, PA"
01121,"Talladega County, AL"
01051,"Elmore County, AL"
16083,"Twin Falls County, ID"
56025,"Natrona County, WY"
18005,"Bartholomew County, IN"
55071,"Manitowoc, WI"
53029,"Island County, WA"
40119,"Payne County, OK"
37109,"Lincoln County, NC"
17183,"Vermilion County, IL"
28075,"Lauderdale County, MS"
48213,"Henderson County, TX"
05145,"White County, AR"
20103,"Leavenworth County, KS"
36011,"Cayuga County, NY"
51680,"Lynchburg  Independent City, VA"
48291,"Liberty County, TX"
36009,"Cattaraugus County, NY"
41053,"Polk County, OR"
18085,"Kosciusko County, IN"
51165,"Rockingham County, VA"
48021,"Bastrop County, TX"
29031,"Cape Girardeau County, MO"
19049,"Dallas County, IA"
54081,"Raleigh County, WV"
21029,"Bullitt County, KY"
39145,"Scioto County, OH"
26037,"Clinton County, MI"
39141,"Ross County, OH"
12089,"Nassau County, FL"
12087,"Monroe County, FL"
29051,"Cole County, MO"
41059,"Umatilla County, OR"
33005,"Cheshire, NH"
18043,"Floyd County, IN"
28035,"Forrest County, MS"
42111,"Somerset County, PA"
40145,"Wagoner County, OK"
35061,"Valencia County, NM"
36105,"Sullivan County, NY"
39043,"Erie County, OH"
53041,"Lewis County, WA"
48099,"Coryell County, TX"
39063,"Hancock County, OH"
47001,"Anderson County, TN"
45073,"Oconee County, SC"
26159,"Van Buren County, MI"
20161,"Riley County, KS"
53007,"Chelan County, WA"
47141,"Putnam County, TN"
35031,"McKinley County, NM"
51015,"Augusta County, VA"
21047,"Christian County, KY"
06115,"Yuba County, CA"
22045,"Iberia Parish, LA"
55141,"Wood, WI"
13013,"Barrow County, GA"
13031,"Bulloch County, GA"
24001,"Allegany County, MD"
53009,"Clallam County, WA"
37171,"Surry County, NC"
05069,"Jefferson County, AR"
04001,"Apache County, AZ"
12107,"Putnam County, FL"
36053,"Madison County, NY"
18059,"Hancock County, IN"
51095,"James City County, VA"
40125,"Pottawatomie County, OK"
05085,"Lonoke County, AR"
53027,"Grays Harbor County, WA"
01049,"DeKalb County, AL"
40037,"Creek County, OK"
25011,"Franklin County, MA"
26073,"Isabella County, MI"
55097,"Portage, WI"
15007,"Kauai County, HI"
40101,"Muskogee County, OK"
48471,"Walker County, TX"
45047,"Greenwood County, SC"
38035,"Grand Forks County, ND"
18109,"Morgan County, IN"
23003,"Aroostook County, ME"
13285,"Troup County, GA"
39013,"Belmont County, OH"
38101,"Ward County, ND"
35025,"Lea County, NM"
37193,"Wilkes County, NC"
26155,"Shiawassee County, MI"
37037,"Chatham County, NC"
54033,"Harrison County, WV"
37031,"Carteret County, NC"
47059,"Greene County, TN"
28067,"Jones County, MS"
18053,"Grant County, IN"
12023,"Columbia County, FL"
13295,"Walker County, GA"
51061,"Fauquier County, VA"
47147,"Robertson County, TN"
45031,"Darlington County, SC"
39081,"Jefferson County, OH"
42005,"Armstrong County, PA"
18177,"Wayne County, IN"
26103,"Marquette County, MI"
17199,"Williamson County, IL"
17001,"Adams County, IL"
51199,"York County, VA"
42037,"Columbia County, PA"
48409,"San Patricio County, TX"
37161,"Rutherford County, NC"
45059,"Laurens County, SC"
48203,"Harrison County, TX"
20015,"Butler County, KS"
29187,"St. Francois County, MO"
30049,"Lewis and Clark County, MT"
41035,"Klamath County, OR"
13047,"Catoosa County, GA"
39101,"Marion County, OH"
35005,"Chaves County, NM"
01127,"Walker County, AL"
48347,"Nacogdoches County, TX"
27013,"Blue Earth County, MN"
35035,"Otero County, NM"
21145,"McCracken County, KY"
27131,"Rice County, MN"
39009,"Athens County, OH"
36113,"Warren County, NY"
36051,"Livingston County, NY"
34033,"Salem County, NJ"
42025,"Carbon County, PA"
26067,"Ionia County, MI"
06033,"Lake County, CA"
13255,"Spalding County, GA"
13179,"Liberty County, GA"
21185,"Oldham County, KY"
20155,"Reno County, KS"
21199,"Pulaski County, KY"
37163,"Sampson County, NC"
36043,"Herkimer County, NY"
55017,"Chippewa, WI"
27035,"Crow Wing County, MN"
55111,"Sauk, WI"
47063,"Hamblen County, TN"
05115,"Pope County, AR"
45055,"Kershaw County, SC"
06103,"Tehama County, CA"
48427,"Starr County, TX"
37069,"Franklin County, NC"
41011,"Coos County, OR"
26117,"Montcalm County, MI"
21195,"Pike County, KY"
40047,"Garfield County, OK"
36115,"Washington County, NY"
08014,"Broomfield County, CO"
51143,"Pittsylvania County, VA"
22001,"Acadia Parish, LA"
13157,"Jackson County, GA"
48497,"Wise County, TX"
49045,"Tooele County, UT"
05033,"Crawford County, AR"
18011,"Boone County, IN"
36021,"Columbia County, NY"
42015,"Bradford County, PA"
47167,"Tipton County, TN"
12131,"Walton County, FL"
39087,"Lawrence County, OH"
54055,"Mercer County, WV"
18173,"Warrick County, IN"
27027,"Clay County, MN"
39167,"Washington County, OH"
31079,"Hall County, NE"
53045,"Mason County, WA"
36077,"Otsego County, NY"
26149,"St. Joseph County, MI"
39083,"Knox County, OH"
45043,"Georgetown County, SC"
37167,"Stanly County, NC"
33001,"Belknap, NH"
50021,"Rutland County, VT"
21125,"Laurel County, KY"
39143,"Sandusky County, OH"
53071,"Walla Walla County, WA"
28087,"Lowndes County, MS"
28073,"Lamar County, MS"
37087,"Haywood County, NC"
37105,"Lee County, NC"
22113,"Vermilion Parish, LA"
26015,"Barry County, MI"
17077,"Jackson County, IL"
37061,"Duplin County, NC"
36037,"Genesee County, NY"
50023,"Washington County, VT"
29145,"Newton County, MO"
39077,"Huron County, OH"
01113,"Russell County, AL"
37107,"Lenoir County, NC"
37077,"Granville County, NC"
06069,"San Benito County, CA"
47035,"Cumberland County, TN"
48001,"Anderson County, TX"
01009,"Blount County, AL"
27111,"Otter Tail County, MN"
02122,"Kenai Peninsula Borough, AK"
08045,"Garfield County, CO"
23017,"Oxford County, ME"
17195,"Whiteside County, IL"
37047,"Columbus County, NC"
48323,"Maverick County, TX"
39129,"Pickaway County, OH"
54079,"Putnam County, WV"
54049,"Marion County, WV"
47019,"Carter County, TN"
55021,"Columbia, WI"
47073,"Hawkins County, TN"
35015,"Eddy County, NM"
37141,"Pender County, NC"
45021,"Cherokee County, SC"
51067,"Franklin County, VA"
42103,"Pike County, PA"
13129,"Gordon County, GA"
50027,"Windsor County, VT"
13103,"Effingham County, GA"
39147,"Seneca County, OH"
48199,"Hardin County, TX"
20169,"Saline County, KS"
54037,"Jefferson County, WV"
28109,"Pearl River County, MS"
51031,"Campbell County, VA"
01001,"Autauga County, AL"
37065,"Edgecombe County, NC"
51191,"Washington County, VA"
23009,"Hancock County, ME"
32510,"Carson City County, NV"
01033,"Colbert County, AL"
36035,"Fulton County, NY"
29113,"Lincoln County, MO"
29101,"Johnson County, MO"
48221,"Hood County, TX"
27025,"Chisago County, MN"
26157,"Tuscola County, MI"
08067,"La Plata County, CO"
39159,"Union County, OH"
40051,"Grady County, OK"
06109,"Tuolumne County, CA"
29213,"Taney County, MO"
47031,"Coffee County, TN"
17007,"Boone County, IL"
42121,"Venango County, PA"
22099,"St. Martin Parish, LA"
39005,"Ashland County, OH"
29169,"Pulaski County, MO"
48401,"Rusk County, TX"
04007,"Gila County, AZ"
48467,"Van Zandt County, TX"
22101,"St. Mary Parish, LA"
47145,"Roane County, TN"
08037,"Eagle County, CO"
47089,"Jefferson County, TN"
37083,"Halifax County, NC"
17029,"Coles County, IL"
37189,"Watauga County, NC"
22089,"St. Charles Parish, LA"
01071,"Jackson County, AL"
47107,"McMinn County, TN"
51089,"Henry County, VA"
28071,"Lafayette County, MS"
39037,"Darke County, OH"
22115,"Vernon Parish, LA"
13039,"Camden County, GA"
17141,"Ogle County, IL"
32007,"Elko County, NV"
51660,"Harrisonburg  Independent City, VA"
55135,"Waupaca, WI"
32019,"Lyon County, NV"
40147,"Washington County, OK"
37093,"Hoke County, NC"
26027,"Cass County, MI"
17095,"Knox County, IL"
55043,"Grant, WI"
49003,"Box Elder County, UT"
24047,"Worcester County, MD"
46083,"Lincoln County, SD"
23025,"Somerset County, ME"
21209,"Scott County, KY"
42127,"Wayne County, PA"
48073,"Cherokee County, TX"
27169,"Winona County, MN"
21113,"Jessamine County, KY"
36033,"Franklin County, NY"
01031,"Coffee County, AL"
47043,"Dickson County, TN"
47105,"Loudon County, TN"
35009,"Curry County, NM"
48265,"Kerr County, TX"
17063,"Grundy County, IL"
21073,"Franklin County, KY"
40079,"Le Flore County, OK"
17073,"Henry County, IL"
36057,"Montgomery County, NY"
55015,"Calumet, WI"
36107,"Tioga County, NY"
41009,"Columbia County, OR"
48277,"Lamar County, TX"
01045,"Dale County, AL"
18029,"Dearborn County, IN"
47053,"Gibson County, TN"
05035,"Crittenden County, AR"
28105,"Oktibbeha County, MS"
36017,"Chenango County, NY"
44001,"Bristol County, RI"
18065,"Henry County, IN"
51047,"Culpeper County, VA"
39149,"Shelby County, OH"
48465,"Val Verde County, TX"
42009,"Bedford County, PA"
28151,"Washington County, MS"
12063,"Jackson County, FL"
21019,"Boyd County, KY"
36023,"Cortland County, NY"
24035,"Queen Anne's County, MD"
50011,"Franklin County, VT"
40019,"Carter County, OK"
56005,"Campbell County, WY"
31019,"Buffalo County, NE"
40021,"Cherokee County, OK"
48349,"Navarro County, TX"
19181,"Warren County, IA"
36039,"Greene County, NY"
19045,"Clinton County, IA"
26123,"Newaygo County, MI"
40113,"Osage County, OK"
48325,"Medina County, TX"
28149,"Warren County, MS"
13175,"Laurens County, GA"
49021,"Iron County, UT"
48013,"Atascosa County, TX"
36003,"Allegany County, NY"
18113,"Noble County, IN"
37013,"Beaufort County, NC"
53075,"Whitman County, WA"
22061,"Lincoln Parish, LA"
32005,"Douglas County, NV"
33003,"Carroll, NH"
48473,"Waller County, TX"
08043,"Fremont County, CO"
18099,"Marshall County, IN"
41041,"Lincoln County, OR"
42087,"Mifflin County, PA"
48373,"Polk County, TX"
04023,"Santa Cruz County, AZ"
17117,"Macoupin County, IL"
36025,"Delaware County, NY"
37169,"Stokes County, NC"
27049,"Goodhue County, MN"
48493,"Wilson County, TX"
22117,"Washington Parish, LA"
21101,"Henderson County, KY"
21107,"Hopkins County, KY"
47003,"Bedford County, TN"
17177,"Stephenson County, IL"
12039,"Gadsden County, FL"
45025,"Chesterfield County, SC"
28045,"Hancock County, MS"
26059,"Hillsdale County, MI"
13071,"Colquitt County, GA"
39011,"Auglaize County, OH"
42061,"Huntingdon County, PA"
13009,"Baldwin County, GA"
37153,"Richmond County, NC"
18093,"Lawrence County, IN"
42099,"Perry County, PA"
27007,"Beltrami County, MN"
55005,"Barron, WI"
51540,"Charlottesville  Independent City, VA"
47123,"Monroe County, TN"
40071,"Kay County, OK"
39091,"Logan County, OH"
55081,"Monroe, WI"
27061,"Itasca County, MN"
16011,"Bingham County, ID"
54019,"Fayette County, WV"
42119,"Union County, PA"
40083,"Logan County, OK"
37111,"McDowell County, NC"
13275,"Thomas County, GA"
21211,"Shelby County, KY"
21179,"Nelson County, KY"
29161,"Phelps County, MO"
56037,"Sweetwater County, WY"
06009,"Calaveras County, CA"
29027,"Callaway County, MO"
40121,"Pittsburg County, OK"
40137,"Stephens County, OK"
48053,"Burnet County, TX"
42065,"Jefferson County, PA"
40013,"Bryan County, OK"
37181,"Vance County, NC"
18145,"Shelby County, IN"
55033,"Dunn, WI"
05093,"Mississippi County, AR"
29029,"Camden County, MO"
22087,"St. Bernard Parish, LA"
39015,"Brown County, OH"
22095,"St. John the Baptist Parish, LA"
01021,"Chilton County, AL"
05055,"Greene County, AR"
53065,"Stevens County, WA"
13137,"Habersham County, GA"
55031,"Douglas, WI"
39075,"Holmes County, OH"
06093,"Siskiyou County, CA"
05091,"Miller County, AR"
12121,"Suwannee County, FL"
18071,"Jackson County, IN"
50025,"Windham County, VT"
26023,"Branch County, MI"
39097,"Madison County, OH"
55095,"Polk, WI"
51185,"Tazewell County, VA"
19033,"Cerro Gordo County, IA"
21009,"Barren County, KY"
26107,"Mecosta County, MI"
54069,"Ohio County, WV"
32023,"Nye County, NV"
48499,"Wood County, TX"
39071,"Highland County, OH"
33019,"Sullivan, NH"
13069,"Coffee County, GA"
19139,"Muscatine County, IA"
29023,"Butler County, MO"
51171,"Shenandoah County, VA"
53037,"Kittitas County, WA"
42083,"McKean County, PA"
27067,"Kandiyohi County, MN"
18033,"DeKalb County, IN"
39033,"Crawford County, OH"
39051,"Fulton County, OH"
47099,"Lawrence County, TN"
51590,"Danville  Independent City, VA"
18037,"Dubois County, IN"
29159,"Pettis County, MO"
42117,"Tioga County, PA"
36073,"Orleans County, NY"
39027,"Clinton County, OH"
42115,"Susquehanna County, PA"
26151,"Sanilac County, MI"
26057,"Gratiot County, MI"
37059,"Davie County, NC"
39135,"Preble County, OH"
48249,"Jim Wells County, TX"
40041,"Delaware County, OK"
01047,"Dallas County, AL"
16017,"Bonner County, ID"
55115,"Shawano, WI"
48481,"Wharton County, TX"
47051,"Franklin County, TN"
40135,"Sequoyah County, OK"
53047,"Okanogan County, WA"
13233,"Polk County, GA"
22009,"Avoyelles Parish, LA"
36121,"Wyoming County, NY"
54099,"Wayne County, WV"
37099,"Jackson County, NC"
51683,"Manassas  Independent City, VA"
30081,"Ravalli County, MT"
55075,"Marinette, WI"
05005,"Baxter County, AR"
39123,"Ottawa County, OH"
01123,"Tallapoosa County, AL"
40097,"Mayes County, OK"
39107,"Mercer County, OH"
55093,"Pierce, WI"
08085,"Montrose County, CO"
19127,"Marshall County, IA"
13277,"Tift County, GA"
56013,"Fremont County, WY"
42123,"Warren County, PA"
48143,"Erath County, TX"
22119,"Webster Parish, LA"
05139,"Union County, AR"
48459,"Upshur County, TX"
29091,"Howell County, MO"
42109,"Snyder County, PA"
19057,"Des Moines County, IA"
53017,"Douglas County, WA"
47177,"Warren County, TN"
51195,"Wise County, VA"
47013,"Campbell County, TN"
16069,"Nez Perce County, ID"
28113,"Pike County, MS"
35039,"Rio Arriba County, NM"
37139,"Pasquotank County, NC"
48055,"Caldwell County, TX"
23013,"Knox County, ME"
12075,"Levy County, FL"
47021,"Cheatham County, TN"
42035,"Clinton County, PA"
17055,"Franklin County, IL"
39059,"Guernsey County, OH"
27009,"Benton County, MN"
12093,"Okeechobee County, FL"
18061,"Harrison County, IN"
13213,"Murray County, GA"
40111,"Okmulgee County, OK"
20037,"Crawford County, KS"
22069,"Natchitoches Parish, LA"
27099,"Mower County, MN"
37145,"Person County, NC"
39021,"Champaign County, OH"
17203,"Woodford County, IL"
23027,"Waldo County, ME"
47047,"Fayette County, TN"
48259,"Kendall County, TX"
49043,"Summit County, UT"
29201,"Scott County, MO"
42031,"Clarion County, PA"
48097,"Cooke County, TX"
51187,"Warren County, VA"
36031,"Essex County, NY"
16057,"Latah County, ID"
17081,"Jefferson County, IL"
17121,"Marion County, IL"
39039,"Defiance County, OH"
27059,"Isanti County, MN"
46013,"Brown County, SD"
18087,"LaGrange County, IN"
12051,"Hendry County, FL"
26033,"Chippewa County, MI"
18017,"Cass County, IN"
21035,"Calloway County, KY"
40123,"Pontotoc County, OK"
29109,"Lawrence County, MO"
21071,"Floyd County, KY"
16065,"Madison County, ID"
18107,"Montgomery County, IN"
48071,"Chambers County, TX"
47045,"Dyer County, TN"
18083,"Knox County, IN"
48049,"Brown County, TX"
45029,"Colleton County, SC"
01053,"Escambia County, AL"
17027,"Clinton County, IL"
56001,"Albany County, WY"
37197,"Yadkin County, NC"
45071,"Newberry County, SC"
01039,"Covington County, AL"
42059,"Greene County, PA"
24041,"Talbot County, MD"
51149,"Prince George County, VA"
41007,"Clatsop County, OR"
18133,"Putnam County, IN"
04009,"Graham County, AZ"
55083,"Oconto, WI"
21083,"Graves County, KY"
28003,"Alcorn County, MS"
05009,"Boone County, AR"
17105,"Livingston County, IL"
39171,"Williams County, OH"
40087,"McClain County, OK"
37003,"Alexander County, NC"
29225,"Webster County, MO"
19187,"Webster County, IA"
55045,"Green, WI"
05063,"Independence County, AR"
51073,"Gloucester County, VA"
20055,"Finney County, KS"
06005,"Amador County, CA"
50001,"Addison County, VT"
27041,"Douglas County, MN"
20061,"Geary County, KS"
48321,"Matagorda County, TX"
19099,"Jasper County, IA"
18069,"Huntington County, IN"
31053,"Dodge County, NE"
39031,"Coshocton County, OH"
31157,"Scotts Bluff County, NE"
26041,"Delta County, MI"
26061,"Houghton County, MI"
27147,"Steele County, MN"
50003,"Bennington County, VT"
22011,"Beauregard Parish, LA"
48227,"Howard County, TX"
49047,"Uintah County, UT"
21089,"Greenup County, KY"
28093,"Marshall County, MS"
18103,"Miami County, IN"
17057,"Fulton County, IL"
28095,"Monroe County, MS"
51093,"Isle of Wight County, VA"
20035,"Cowley County, KS"
39127,"Perry County, OH"
27085,"McLeod County, MN"
48223,"Hopkins County, TX"
21235,"Whitley County, KY"
31111,"Lincoln County, NE"
29009,"Barry County, MO"
37165,"Scotland County, NC"
21049,"Clark County, KY"
13299,"Ware County, GA"
48241,"Jasper County, TX"
55085,"Oneida, WI"
54025,"Greenbrier County, WV"
29105,"Laclede County, MO"
27017,"Carlton County, MN"
51083,"Halifax County, VA"
47029,"Cocke County, TN"
19179,"Wapello County, IA"
37055,"Dare County, NC"
19111,"Lee County, IA"
54045,"Logan County, WV"
12027,"DeSoto County, FL"
23023,"Sagadahoc County, ME"
31119,"Madison County, NE"
13219,"Oconee County, GA"
36099,"Seneca County, NY"
39117,"Morrow County, OH"
48189,"Hale County, TX"
48217,"Hill County, TX"
51137,"Orange County, VA"
20079,"Harvey County, KS"
18001,"Adams County, IN"
17137,"Morgan County, IL"
17103,"Lee County, IL"
28085,"Lincoln County, MS"
40081,"Lincoln County, OK"
19167,"Sioux County, IA"
30093,"Silver Bow County, MT"
48477,"Washington County, TX"
20057,"Ford County, KS"
55019,"Clark, WI"
37017,"Bladen County, NC"
51155,"Pulaski County, VA"
17049,"Effingham County, IL"
51109,"Louisa County, VA"
28107,"Panola County, MS"
18151,"Steuben County, IN"
23015,"Lincoln County, ME"
39137,"Putnam County, OH"
13029,"Bryan County, GA"
45027,"Clarendon County, SC"
47183,"Weakley County, TN"
01017,"Chambers County, AL"
37113,"Macon County, NC"
17021,"Christian County, IL"
17011,"Bureau County, IL"
54077,"Preston County, WV"
20125,"Montgomery County, KS"
22039,"Evangeline Parish, LA"
48147,"Fannin County, TX"
17133,"Monroe County, IL"
18051,"Gibson County, IN"
28011,"Bolivar County, MS"
47103,"Lincoln County, TN"
18073,"Jasper County, IN"
05059,"Hot Spring County, AR"
46011,"Brookings County, SD"
01079,"Lawrence County, AL"
20111,"Lyon County, KS"
27005,"Becker County, MN"
18183,"Whitley County, IN"
29219,"Warren County, MO"
01109,"Pike County, AL"
27103,"Nicollet County, MN"
19125,"Marion County, IA"
51023,"Botetourt County, VA"
22047,"Iberville Parish, LA"
26047,"Emmet County, MI"
40089,"McCurtain County, OK"
37175,"Transylvania County, NC"
51001,"Accomack County, VA"
13145,"Harris County, GA"
35055,"Taos County, NM"
17157,"Randolph County, IL"
27097,"Morrison County, MN"
26165,"Wexford County, MI"
45089,"Williamsburg County, SC"
29107,"Lafayette County, MO"
20121,"Miami County, KS"
39079,"Jackson County, OH"
48025,"Bee County, TX"
31141,"Platte County, NE"
18023,"Clinton County, IN"
24011,"Caroline County, MD"
18055,"Greene County, IN"
48449,"Titus County, TX"
18027,"Daviess County, IN"
02110,"Juneau Borough, AK"
18077,"Jefferson County, IN"
47143,"Rhea County, TN"
24019,"Dorchester County, MD"
45023,"Chester County, SC"
54051,"Marshall County, WV"
47079,"Henry County, TN"
33007,"Coos, NH"
18169,"Wabash County, IN"
40115,"Ottawa County, OK"
26063,"Huron County, MI"
51009,"Amherst County, VA"
51730,"Petersburg  Independent City, VA"
45067,"Marion County, SC"
06035,"Lassen County, CA"
23029,"Washington County, ME"
48273,"Kleberg County, TX"
28001,"Adams County, MS"
21121,"Knox County, KY"
17109,"McDonough County, IL"
47025,"Claiborne County, TN"
36095,"Schoharie County, NY"
39065,"Hardin County, OH"
38105,"Williams County, ND"
01059,"Franklin County, AL"
27119,"Polk County, MN"
31001,"Adams County, NE"
51173,"Smyth County, VA"
22053,"Jefferson Davis Parish, LA"
47117,"Marshall County, TN"
12129,"Wakulla County, FL"
45033,"Dillon County, SC"
29069,"Dunklin County, MO"
21177,"Muhlenberg County, KY"
21157,"Marshall County, KY"
51117,"Mecklenburg County, VA"
29209,"Stone County, MO"
29167,"Polk County, MO"
42047,"Elk County, PA"
13187,"Lumpkin County, GA"
13261,"Sumter County, GA"
47131,"Obion County, TN"
28115,"Pontotoc County, MS"
50005,"Caledonia County, VT"
27047,"Freeborn County, MN"
26035,"Clare County, MI"
28083,"Leflore County, MS"
41045,"Malheur County, OR"
55123,"Vernon, WI"
39053,"Gallia County, OH"
48067,"Cass County, TX"
53031,"Jefferson County, WA"
23007,"Franklin County, ME"
01093,"Marion County, AL"
08029,"Delta County, CO"
54029,"Hancock County, WV"
13305,"Wayne County, GA"
13227,"Pickens County, GA"
56033,"Sheridan County, WY"
38089,"Stark County, ND"
17107,"Logan County, IL"
29207,"Stoddard County, MO"
51035,"Carroll County, VA"
24023,"Garrett County, MD"
21021,"Boyle County, KY"
51033,"Caroline County, VA"
38059,"Morton County, ND"
55121,"Trempealeau, WI"
40015,"Caddo County, OK"
28099,"Neshoba County, MS"
30047,"Lake County, MT"
17135,"Montgomery County, IL"
54083,"Randolph County, WV"
08117,"Summit County, CO"
40039,"Custer County, OK"
54035,"Jackson County, WV"
51197,"Wythe County, VA"
20113,"McPherson County, KS"
13177,"Lee County, GA"
48015,"Austin County, TX"
56029,"Park County, WY"
27115,"Pine County, MN"
47055,"Giles County, TN"
20051,"Ellis County, KS"
13123,"Gilmer County, GA"
26007,"Alpena County, MI"
50017,"Orange County, VT"
35017,"Grant County, NM"
29127,"Marion County, MO"
17075,"Iroquois County, IL"
28029,"Copiah County, MS"
26105,"Mason County, MI"
21163,"Meade County, KY"
39047,"Fayette County, OH"
13169,"Jones County, GA"
39073,"Hocking County, OH"
13143,"Haralson County, GA"
18137,"Ripley County, IN"
27021,"Cass County, MN"
49039,"Sanpete County, UT"
39161,"Van Wert County, OH"
47017,"Carroll County, TN"
47115,"Marion County, TN"
13195,"Madison County, GA"
35047,"San Miguel County, NM"
28137,"Tate County, MS"
39131,"Pike County, OH"
08087,"Morgan County, CO"
51145,"Powhatan County, VA"
28123,"Scott County, MS"
55069,"Lincoln, WI"
51053,"Dinwiddie County, VA"
13311,"White County, GA"
39001,"Adams County, OH"
39019,"Carroll County, OH"
21095,"Harlan County, KY"
18079,"Jennings County, IN"
28145,"Union County, MS"
06021,"Glenn County, CA"
42131,"Wyoming County, PA"
51167,"Russell County, VA"
47077,"Henderson County, TN"
45087,"Union County, SC"
48363,"Palo Pinto County, TX"
49051,"Wasatch County, UT"
39069,"Henry County, OH"
46029,"Codington County, SD"
51630,"Fredericksburg  Independent City, VA"
18179,"Wells County, IN"
21193,"Perry County, KY"
18175,"Washington County, IN"
28163,"Yazoo County, MS"
45069,"Marlboro County, SC"
05015,"Carroll County, AR"
21013,"Bell County, KY"
55029,"Door, WI"
27079,"Le Sueur County, MN"
06015,"Del Norte County, CA"
54057,"Mineral County, WV"
40049,"Garvin County, OK"
37123,"Montgomery County, NC"
28133,"Sunflower County, MS"
21173,"Montgomery County, KY"
35006,"Cibola County, NM"
51840,"Winchester  Independent City, VA"
12003,"Baker County, FL"
12049,"Hardee County, FL"
21043,"Carter County, KY"
28127,"Simpson County, MS"
47097,"Lauderdale County, TN"
13087,"Decatur County, GA"
37039,"Cherokee County, NC"
20009,"Barton County, KS"
45053,"Jasper County, SC"
48407,"San Jacinto County, TX"
13279,"Toombs County, GA"
48185,"Grimes County, TX"
36049,"Lewis County, NY"
16051,"Jefferson County, ID"
50019,"Orleans County, VT"
54053,"Mason County, WV"
48463,"Uvalde County, TX"
22031,"De Soto Parish, LA"
13207,"Monroe County, GA"
05123,"St. Francis County, AR"
37009,"Ashe County, NC"
12007,"Bradford County, FL"
13225,"Peach County, GA"
46093,"Meade County, SD"
01061,"Geneva County, AL"
21141,"Logan County, KY"
22067,"Morehouse Parish, LA"
01005,"Barbour County, AL"
18021,"Clay County, IN"
19015,"Boone County, IA"
55057,"Juneau, WI"
13293,"Upson County, GA"
45037,"Edgefield County, SC"
47185,"White County, TN"
18031,"Decatur County, IN"
26029,"Charlevoix County, MI"
26127,"Oceana County, MI"
16039,"Elmore County, ID"
21085,"Grayson County, KY"
47109,"McNairy County, TN"
51065,"Fluvanna County, VA"
05071,"Johnson County, AR"
08083,"Montezuma County, CO"
47069,"Hardeman County, TN"
24039,"Somerset County, MD"
01019,"Cherokee County, AL"
26043,"Dickinson County, MI"
37007,"Anson County, NC"
29007,"Audrain County, MO"
40065,"Jackson County, OK"
47071,"Hardin County, TN"
28091,"Marion County, MS"
27095,"Mille Lacs County, MN"
41061,"Union County, OR"
54067,"Nicholas County, WV"
48171,"Gillespie County, TX"
19011,"Benton County, IA"
48419,"Shelby County, TX"
29215,"Texas County, MO"
27083,"Lyon County, MN"
20059,"Franklin County, KS"
41065,"Wasco County, OR"
22003,"Allen Parish, LA"
21239,"Woodford County, KY"
05023,"Cleburne County, AR"
13257,"Stephens County, GA"
26031,"Cheboygan County, MI"
41057,"Tillamook County, OR"
54059,"Mingo County, WV"
29001,"Adair County, MO"
18129,"Posey County, IN"
13147,"Hart County, GA"
31025,"Cass County, NE"
18135,"Randolph County, IN"
40133,"Seminole County, OK"
26069,"Iosco County, MI"
26051,"Gladwin County, MI"
28117,"Prentiss County, MS"
27015,"Brown County, MN"
21217,"Taylor County, KY"
51775,"Salem  Independent City, VA"
13267,"Tattnall County, GA"
51099,"King George County, VA"
13131,"Grady County, GA"
50015,"Lamoille County, VT"
36123,"Yates County, NY"
29175,"Randolph County, MO"
13055,"Chattooga County, GA"
22121,"West Baton Rouge Parish, LA"
29131,"Miller County, MO"
29221,"Washington County, MO"
19149,"Plymouth County, IA"
45001,"Abbeville County, SC"
51105,"Lee County, VA"
48149,"Fayette County, TX"
37053,"Currituck County, NC"
46081,"Lawrence County, SD"
01025,"Clarke County, AL"
42067,"Juniata County, PA"
28027,"Coahoma County, MS"
48007,"Aransas County, TX"
05103,"Ouachita County, AR"
21081,"Grant County, KY"
19017,"Bremer County, IA"
17165,"Saline County, IL"
54097,"Upshur County, WV"
12133,"Washington County, FL"
35029,"Luna County, NM"
29055,"Crawford County, MO"
26101,"Manistee County, MI"
21137,"Lincoln County, KY"
48331,"Milam County, TX"
27153,"Todd County, MN"
21205,"Rowan County, KY"
37091,"Hertford County, NC"
18181,"White County, IN"
47081,"Hickman County, TN"
55137,"Waushara, WI"
51790,"Staunton  Independent City, VA"
08039,"Elbert County, CO"
26137,"Otsego County, MI"
05027,"Columbia County, AR"
21183,"Ohio County, KY"
32001,"Churchill County, NV"
22085,"Sabine Parish, LA"
05111,"Poinsett County, AR"
13111,"Fannin County, GA"
01133,"Winston County, AL"
08107,"Routt County, CO"
31047,"Dawson County, NE"
26143,"Roscommon County, MI"
48365,"Panola County, TX"
51139,"Page County, VA"
55049,"Iowa, WI"
18143,"Scott County, IN"
54005,"Boone County, WV"
51600,"Fairfax  Independent City, VA"
18041,"Fayette County, IN"
22075,"Plaquemines Parish, LA"
26109,"Menominee County, MI"
28057,"Itawamba County, MS"
37117,"Martin County, NC"
20191,"Sumner County, KS"
13035,"Butts County, GA"
54009,"Brooke County, WV"
08119,"Teller County, CO"
48293,"Limestone County, TX"
54027,"Hampshire County, WV"
16031,"Cassia County, ID"
21133,"Letcher County, KY"
48219,"Hockley County, TX"
39105,"Meigs County, OH"
28039,"George County, MS"
40009,"Beckham County, OK"
21115,"Johnson County, KY"
26009,"Antrim County, MI"
29195,"Saline County, MO"
20175,"Seward County, KS"
26133,"Osceola County, MI"
51027,"Buchanan County, VA"
27093,"Meeker County, MN"
37033,"Caswell County, NC"
51147,"Prince Edward County, VA"
18149,"Starke County, IN"
13081,"Crisp County, GA"
48179,"Gray County, TX"
29147,"Nodaway County, MO"
45039,"Fairfield County, SC"
28079,"Leake County, MS"
22007,"Assumption Parish, LA"
13085,"Dawson County, GA"
47111,"Macon County, TN"
29177,"Ray County, MO"
20149,"Pottawatomie County, KS"
18047,"Franklin County, IN"
41027,"Hood River County, OR"
13033,"Burke County, GA"
47057,"Grainger County, TN"
48225,"Houston County, TX"
13205,"Mitchell County, GA"
16075,"Payette County, ID"
13107,"Emanuel County, GA"
29119,"McDonald County, MO"
16053,"Jerome County, ID"
05019,"Clark County, AR"
46135,"Yankton County, SD"
56039,"Teton County, WY"
01111,"Randolph County, AL"
12123,"Taylor County, FL"
01007,"Bibb County, AL"
54109,"Wyoming County, WV"
22111,"Union Parish, LA"
51163,"Rockbridge County, VA"
17083,"Jersey County, IL"
51169,"Scott County, VA"
22043,"Grant Parish, LA"
22077,"Pointe Coupee Parish, LA"
41015,"Curry County, OR"
39175,"Wyandot County, OH"
51670,"Hopewell  Independent City, VA"
19123,"Mahaska County, IA"
41031,"Jefferson County, OR"
05057,"Hempstead County, AR"
13119,"Franklin County, GA"
17085,"Jo Daviess County, IL"
48341,"Moore County, TX"
40001,"Adair County, OK"
19183,"Washington County, IA"
53003,"Asotin County, WA"
47133,"Overton County, TN"
28139,"Tippah County, MS"
13291,"Union County, GA"
47151,"Scott County, TN"
17051,"Fayette County, IL"
17173,"Shelby County, IL"
51075,"Goochland County, VA"
01099,"Monroe County, AL"
48489,"Willacy County, TX"
05083,"Logan County, AR"
29083,"Henry County, MO"
45011,"Barnwell County, SC"
21005,"Anderson County, KY"
08075,"Logan County, CO"
48057,"Calhoun County, TX"
48233,"Hutchinson County, TX"
31067,"Gage County, NE"
26089,"Leelanau County, MI"
27105,"Nobles County, MN"
05149,"Yell County, AR"
47129,"Morgan County, TN"
28101,"Newton County, MS"
17145,"Perry County, IL"
22093,"St. James Parish, LA"
13189,"McDuffie County, GA"
28043,"Grenada County, MS"
40139,"Texas County, OK"
54043,"Lincoln County, WV"
16013,"Blaine County, ID"
21167,"Mercer County, KY"
55125,"Vilas, WI"
48457,"Tyler County, TX"
51820,"Waynesboro  Independent City, VA"
06011,"Colusa County, CA"
41013,"Crook County, OR"
27157,"Wabasha County, MN"
13237,"Putnam County, GA"
37079,"Greene County, NC"
18075,"Jay County, IN"
13199,"Meriwether County, GA"
21051,"Clay County, KY"
37115,"Madison County, NC"
40153,"Woodward County, OK"
38093,"Stutsman County, ND"
26129,"Ogemaw County, MI"
05029,"Conway County, AR"
18119,"Owen County, IN"
19019,"Buchanan County, IA"
18153,"Sullivan County, IN"
48019,"Bandera County, TX"
13091,"Dodge County, GA"
05003,"Ashley County, AR"
13321,"Worth County, GA"
31155,"Saunders County, NE"
53039,"Klickitat County, WA"
49041,"Sevier County, UT"
56041,"Uinta County, WY"
27045,"Fillmore County, MN"
29217,"Vernon County, MO"
20099,"Labette County, KS"
48089,"Colorado County, TX"
19191,"Winneshiek County, IA"
18147,"Spencer County, IN"
53049,"Pacific County, WA"
20021,"Cherokee County, KS"
49007,"Carbon County, UT"
31043,"Dakota County, NE"
22083,"Richland Parish, LA"
13303,"Washington County, GA"
48123,"DeWitt County, TX"
27057,"Hubbard County, MN"
37131,"Northampton County, NC"
55053,"Jackson, WI"
21231,"Wayne County, KY"
19027,"Carroll County, IA"
55119,"Taylor, WI"
28153,"Wayne County, MS"
29049,"Clinton County, MO"
19105,"Jones County, IA"
22041,"Franklin Parish, LA"
55061,"Kewaunee, WI"
19021,"Buena Vista County, IA"
21003,"Allen County, KY"
18049,"Fulton County, IN"
19065,"Fayette County, IA"
48177,"Gonzales County, TX"
27039,"Dodge County, MN"
48281,"Lampasas County, TX"
31177,"Washington County, NE"
16067,"Minidoka County, ID"
37015,"Bertie County, NC"
37149,"Polk County, NC"
37185,"Warren County, NC"
04012,"La Paz County, AZ"
45049,"Hampton County, SC"
55001,"Adams, WI"
05113,"Polk County, AR"
22029,"Concordia Parish, LA"
01013,"Butler County, AL"
54047,"McDowell County, WV"
27091,"Martin County, MN"
29141,"Morgan County, MO"
40091,"McIntosh County, OK"
28025,"Clay County, MS"
45081,"Saluda County, SC"
49013,"Duchesne County, UT"
01091,"Marengo County, AL"
51127,"New Kent County, VA"
01107,"Pickens County, AL"
18015,"Carroll County, IN"
21017,"Bourbon County, KY"
21027,"Breckinridge County, KY"
48253,"Jones County, TX"
19087,"Henry County, IA"
05107,"Phillips County, AR"
46035,"Davison County, SD"
24029,"Kent County, MD"
17041,"Douglas County, IL"
22037,"East Feliciana Parish, LA"
35027,"Lincoln County, NM"
01087,"Macon County, AL"
48285,"Lavaca County, TX"
48299,"Llano County, TX"
35041,"Roosevelt County, NM"
48161,"Freestone County, TX"
18117,"Orange County, IN"
12059,"Holmes County, FL"
19097,"Jackson County, IA"
28031,"Covington County, MS"
28141,"Tishomingo County, MS"
21155,"Marion County, KY"
48165,"Gaines County, TX"
17033,"Crawford County, IL"
55067,"Langlade, WI"
13105,"Elbert County, GA"
20041,"Dickinson County, KS"
48337,"Montague County, TX"
18123,"Perry County, IN"
30053,"Lincoln County, MT"
47159,"Smith County, TN"
47041,"DeKalb County, TN"
21001,"Adair County, KY"
29157,"Perry County, MO"
53001,"Adams County, WA"
28007,"Attala County, MS"
51079,"Greene County, VA"
47173,"Union County, TN"
39125,"Paulding County, OH"
48117,"Deaf Smith County, TX"
27161,"Waseca County, MN"
13229,"Pierce County, GA"
13019,"Berrien County, GA"
55047,"Green Lake, WI"
20087,"Jefferson County, KS"
29015,"Benton County, MO"
27055,"Houston County, MN"
06063,"Plumas County, CA"
05043,"Drew County, AR"
17067,"Hancock County, IL"
21097,"Harrison County, KY"
19157,"Poweshiek County, IA"
05001,"Arkansas County, AR"
12079,"Madison County, FL"
28051,"Holmes County, MS"
56023,"Lincoln County, WY"
48163,"Frio County, TX"
28159,"Winston County, MS"
21099,"Hart County, KY"
08015,"Chaffee County, CO"
29163,"Pike County, MO"
08089,"Otero County, CO"
13001,"Appling County, GA"
42093,"Montour County, PA"
13025,"Brantley County, GA"
19031,"Cedar County, IA"
29229,"Wright County, MO"
13011,"Banks County, GA"
36097,"Schuyler County, NY"
06027,"Inyo County, CA"
51175,"Southampton County, VA"
48503,"Young County, TX"
48133,"Eastland County, TX"
29143,"New Madrid County, MO"
47085,"Humphreys County, TN"
13171,"Lamar County, GA"
45061,"Lee County, SC"
51141,"Patrick County, VA"
46005,"Beadle County, SD"
47075,"Haywood County, TN"
05053,"Grant County, AR"
28131,"Stone County, MS"
48035,"Bosque County, TX"
47171,"Unicoi County, TN"
13211,"Morgan County, GA"
29186,"Ste. Genevieve County, MO"
47049,"Fentress County, TN"
47091,"Johnson County, TN"
35028,"Los Alamos County, NM"
02050,"Bethel Borough, AK"
21213,"Simpson County, KY"
21147,"McCreary County, KY"
13231,"Pike County, GA"
17045,"Edgar County, IL"
05047,"Franklin County, AR"
21215,"Spencer County, KY"
19043,"Clayton County, IA"
21207,"Russell County, KY"
19101,"Jefferson County, IA"
06043,"Mariposa County, CA"
55103,"Richland, WI"
37011,"Avery County, NC"
29053,"Cooper County, MO"
17187,"Warren County, IL"
29155,"Pemiscot County, MO"
37199,"Yancey County, NC"
05121,"Randolph County, AR"
51570,"Colonial Heights  Independent City, VA"
08097,"Pitkin County, CO"
51193,"Westmoreland County, VA"
46065,"Hughes County, SD"
54065,"Morgan County, WV"
05067,"Jackson County, AR"
26019,"Benzie County, MI"
17181,"Union County, IL"
19055,"Delaware County, IA"
19171,"Tama County, IA"
48051,"Burleson County, TX"
13017,"Ben Hill County, GA"
28017,"Chickasaw County, MS"
47023,"Chester County, TN"
29003,"Andrew County, MO"
51520,"Bristol  Independent City, VA"
05037,"Cross County, AR"
19083,"Hardin County, IA"
35053,"Socorro County, NM"
48415,"Scurry County, TX"
48145,"Falls County, TX"
26079,"Kalkaska County, MI"
13183,"Long County, GA"
42105,"Potter County, PA"
21161,"Mason County, KY"
48003,"Andrews County, TX"
05133,"Sevier County, AR"
01067,"Henry County, AL"
51750,"Radford  Independent City, VA"
19047,"Crawford County, IA"
17005,"Bond County, IL"
25007,"Dukes County, MA"
31159,"Seward County, NE"
13075,"Cook County, GA"
32013,"Humboldt County, NV"
21079,"Garrard County, KY"
19059,"Dickinson County, IA"
23021,"Piscataquis County, ME"
12041,"Gilchrist County, FL"
18121,"Parke County, IN"
51029,"Buckingham County, VA"
05135,"Sharp County, AR"
54091,"Taylor County, WV"
48289,"Leon County, TX"
05075,"Lawrence County, AR"
01129,"Washington County, AL"
21203,"Rockcastle County, KY"
54001,"Barbour County, WV"
05141,"Van Buren County, AR"
18139,"Rush County, IN"
51071,"Giles County, VA"
16045,"Gem County, ID"
47181,"Wayne County, TN"
55065,"Lafayette, WI"
01057,"Fayette County, AL"
48287,"Lee County, TX"
18045,"Fountain County, IN"
47139,"Polk County, TN"
17101,"Lawrence County, IL"
51025,"Brunswick County, VA"
20005,"Atchison County, KS"
28061,"Jasper County, MS"
48395,"Robertson County, TX"
13133,"Greene County, GA"
30041,"Hill County, MT"
17191,"Wayne County, IL"
29013,"Bates County, MO"
29059,"Dallas County, MO"
19041,"Clay County, IA"
17147,"Piatt County, IL"
22027,"Claiborne Parish, LA"
40117,"Pawnee County, OK"
08093,"Park County, CO"
55113,"Sawyer, WI"
54041,"Lewis County, WV"
55023,"Crawford, WI"
13271,"Telfair County, GA"
05089,"Marion County, AR"
20133,"Neosho County, KS"
13083,"Dade County, GA"
08003,"Alamosa County, CO"
38077,"Richland County, ND"
19095,"Iowa County, IA"
17039,"De Witt County, IL"
13241,"Rabun County, GA"
16049,"Idaho County, ID"
28023,"Clarke County, MS"
13163,"Jefferson County, GA"
47005,"Benton County, TN"
51101,"King William County, VA"
28129,"Smith County, MS"
17023,"Clark County, IL"
12029,"Dixie County, FL"
40095,"Marshall County, OK"
17159,"Richland County, IL"
53055,"San Juan County, WA"
17149,"Pike County, IL"
41001,"Baker County, OR"
19067,"Floyd County, IA"
20139,"Osage County, KS"
22049,"Jackson Parish, LA"
54103,"Wetzel County, WV"
17131,"Mercer County, IL"
55003,"Ashland, WI"
21045,"Casey County, KY"
51005,"Alleghany County, VA"
27065,"Kanabec County, MN"
31131,"Otoe County, NE"
08051,"Gunnison County, CO"
21119,"Knott County, KY"
21127,"Lawrence County, KY"
12045,"Gulf County, FL"
30067,"Park County, MT"
29135,"Moniteau County, MO"
51685,"Manassas Park  Independent City, VA"
48371,"Pecos County, TX"
05087,"Madison County, AR"
18165,"Vermillion County, IN"
27001,"Aitkin County, MN"
56007,"Carbon County, WY"
55129,"Washburn, WI"
19121,"Madison County, IA"
26053,"Gogebic County, MI"
13027,"Brooks County, GA"
51135,"Nottoway County, VA"
27135,"Roseau County, MN"
35057,"Torrance County, NM"
51063,"Floyd County, VA"
27127,"Redwood County, MN"
29065,"Dent County, MO"
19145,"Page County, IA"
49037,"San Juan County, UT"
21103,"Henry County, KY"
39067,"Harrison County, OH"
18159,"Tipton County, IN"
29121,"Macon County, MO"
40073,"Kingfisher County, OK"
22125,"West Feliciana Parish, LA"
26011,"Arenac County, MI"
51011,"Appomattox County, VA"
51051,"Dickenson County, VA"
37121,"Mitchell County, NC"
55013,"Burnett, WI"
19079,"Hamilton County, IA"
19109,"Kossuth County, IA"
05021,"Clay County, AR"
51077,"Grayson County, VA"
12125,"Union County, FL"
01065,"Hale County, AL"
16047,"Gooding County, ID"
55077,"Marquette, WI"
21225,"Union County, KY"
29117,"Livingston County, MO"
45009,"Bamberg County, SC"
40023,"Choctaw County, OK"
26113,"Missaukee County, MI"
48353,"Nolan County, TX"
27129,"Renville County, MN"
01029,"Cleburne County, AL"
51830,"Williamsburg  Independent City, VA"
55007,"Bayfield, WI"
48255,"Karnes County, TX"
18013,"Brown County, IN"
27143,"Sibley County, MN"
13161,"Jeff Davis County, GA"
19023,"Butler County, IA"
22059,"La Salle Parish, LA"
17139,"Moultrie County, IL"
45017,"Calhoun County, SC"
17127,"Massac County, IL"
29073,"Gasconade County, MO"
39115,"Morgan County, OH"
46127,"Union County, SD"
19129,"Mills County, IA"
51125,"Nelson County, VA"
28147,"Walthall County, MS"
17015,"Carroll County, IL"
28135,"Tallahatchie County, MS"
20011,"Bourbon County, KS"
13221,"Oglethorpe County, GA"
28013,"Calhoun County, MS"
47153,"Sequatchie County, TN"
22127,"Winn Parish, LA"
40035,"Craig County, OK"
48239,"Jackson County, TX"
42057,"Fulton County, PA"
38079,"Rolette County, ND"
47033,"Crockett County, TN"
37041,"Chowan County, NC"
12013,"Calhoun County, FL"
21069,"Fleming County, KY"
54087,"Roane County, WV"
21191,"Pendleton County, KY"
08049,"Grand County, CO"
54007,"Braxton County, WV"
39111,"Monroe County, OH"
48389,"Reeves County, TX"
39121,"Noble County, OH"
17193,"White County, IL"
21065,"Estill County, KY"
17189,"Washington County, IL"
12047,"Hamilton County, FL"
48455,"Trinity County, TX"
31151,"Saline County, NE"
19085,"Harrison County, IA"
48505,"Zapata County, TX"
08071,"Las Animas County, CO"
51043,"Clarke County, VA"
55107,"Rusk, WI"
21221,"Trigg County, KY"
37173,"Swain County, NC"
56009,"Converse County, WY"
27113,"Pennington County, MN"
48351,"Newton County, TX"
21123,"Larue County, KY"
27043,"Faribault County, MN"
13251,"Screven County, GA"
29133,"Mississippi County, MO"
13093,"Dooly County, GA"
12065,"Jefferson County, FL"
47007,"Bledsoe County, TN"
01075,"Lamar County, AL"
19141,"O'Brien County, IA"
06051,"Mono County, CA"
46027,"Clay County, SD"
18111,"Newton County, IN"
19005,"Allamakee County, IA"
54031,"Hardy County, WV"
13191,"McIntosh County, GA"
28041,"Greene County, MS"
29181,"Ripley County, MO"
05079,"Lincoln County, AR"
29039,"Cedar County, MO"
17125,"Mason County, IL"
22013,"Bienville Parish, LA"
02150,"Kodiak Island Borough, AK"
01041,"Crenshaw County, AL"
47015,"Cannon County, TN"
40005,"Atoka County, OK"
13193,"Macon County, GA"
48313,"Madison County, TX"
31185,"York County, NE"
26039,"Crawford County, MI"
40099,"Murray County, OK"
17053,"Ford County, IL"
27159,"Wadena County, MN"
40063,"Hughes County, OK"
02130,"Ketchikan Gateway Borough, AK"
55099,"Price, WI"
29151,"Osage County, MO"
30035,"Glacier County, MT"
21135,"Lewis County, KY"
51610,"Falls Church  Independent City, VA"
48059,"Callahan County, TX"
13159,"Jasper County, GA"
48279,"Lamb County, TX"
51690,"Martinsville  Independent City, VA"
56015,"Goshen County, WY"
48093,"Comanche County, TX"
54063,"Monroe County, WV"
47061,"Grundy County, TN"
05061,"Howard County, AR"
01027,"Clay County, AL"
21025,"Breathitt County, KY"
37143,"Perquimans County, NC"
29067,"Douglas County, MO"
17025,"Clay County, IL"
05065,"Izard County, AR"
19029,"Cass County, IA"
12043,"Glades County, FL"
17061,"Greene County, IL"
21175,"Morgan County, KY"
20085,"Jackson County, KS"
21109,"Jackson County, KY"
29223,"Wayne County, MO"
21233,"Webster County, KY"
54089,"Summers County, WV"
48115,"Dawson County, TX"
01023,"Choctaw County, AL"
01119,"Sumter County, AL"
47161,"Stewart County, TN"
55011,"Buffalo, WI"
30003,"Big Horn County, MT"
06105,"Trinity County, CA"
39163,"Vinton County, OH"
51113,"Madison County, VA"
17017,"Cass County, IL"
48487,"Wilbarger County, TX"
08081,"Moffat County, CO"
16041,"Franklin County, ID"
53051,"Pend Oreille County, WA"
13049,"Charlton County, GA"
26141,"Presque Isle County, MI"
20001,"Allen County, KS"
27071,"Koochiching County, MN"
18131,"Pulaski County, IN"
16043,"Fremont County, ID"
37137,"Pamlico County, NC"
19197,"Wright County, IA"
21153,"Magoffin County, KY"
17087,"Johnson County, IL"
13023,"Bleckley County, GA"
40061,"Haskell County, OK"
21031,"Butler County, KY"
51007,"Amelia County, VA"
21033,"Caldwell County, KY"
48445,"Terry County, TX"
35007,"Colfax County, NM"
29063,"DeKalb County, MO"
01035,"Conecuh County, AL"
28005,"Amite County, MS"
48343,"Morris County, TX"
48063,"Camp County, TX"
05081,"Little River County, AR"
49027,"Millard County, UT"
28077,"Lawrence County, MS"
19007,"Appanoose County, IA"
17129,"Menard County, IL"
18125,"Pike County, IN"
16079,"Shoshone County, ID"
19175,"Union County, IA"
37187,"Washington County, NC"
05137,"Stone County, AR"
13079,"Crawford County, GA"
21159,"Martin County, KY"
21219,"Todd County, KY"
48387,"Red River County, TX"
51111,"Lunenburg County, VA"
29123,"Madison County, MO"
21197,"Powell County, KY"
28161,"Yalobusha County, MS"
19075,"Grundy County, IA"
18009,"Blackford County, IN"
08007,"Archuleta County, CO"
46079,"Lake County, SD"
29115,"Linn County, MO"
29017,"Bollinger County, MO"
51133,"Northumberland County, VA"
05041,"Desha County, AR"
51037,"Charlotte County, VA"
20115,"Marion County, KS"
40107,"Okfuskee County, OK"
05049,"Fulton County, AR"
28111,"Perry County, MS"
19037,"Chickasaw County, IA"
27023,"Chippewa County, MN"
08099,"Prowers County, CO"
51131,"Northampton County, VA"
21011,"Bath County, KY"
48507,"Zavala County, TX"
21061,"Edmonson County, KY"
29011,"Barton County, MO"
51735,"Poquoson  Independent City, VA"
17123,"Marshall County, IL"
21229,"Washington County, KY"
30017,"Custer County, MT"
48297,"Live Oak County, TX"
19165,"Shelby County, IA"
56003,"Big Horn County, WY"
47101,"Lewis County, TN"
13053,"Chattahoochee County, GA"
29139,"Montgomery County, MO"
47121,"Meigs County, TN"
22065,"Madison Parish, LA"
28065,"Jefferson Davis County, MS"
54023,"Grant County, WV"
19035,"Cherokee County, IA"
51183,"Sussex County, VA"
19119,"Lyon County, IA"
12037,"Franklin County, FL"
47039,"Decatur County, TN"
51081,"Greensville County, VA"
40149,"Washita County, OK"
08105,"Rio Grande County, CO"
37073,"Gates County, NC"
30043,"Jefferson County, MT"
17185,"Wabash County, IL"
38071,"Ramsey County, ND"
13149,"Heard County, GA"
27033,"Cottonwood County, MN"
47087,"Jackson County, TN"
48131,"Duval County, TX"
40103,"Noble County, OK"
13235,"Pulaski County, GA"
35051,"Sierra County, NM"
30027,"Fergus County, MT"
26085,"Lake County, MI"
48475,"Ward County, TX"
26071,"Iron County, MI"
30083,"Richland County, MT"
30089,"Sanders County, MT"
22123,"West Carroll Parish, LA"
16073,"Owyhee County, ID"
53059,"Skamania County, WA"
31013,"Box Butte County, NE"
13005,"Bacon County, GA"
19115,"Louisa County, IA"
30085,"Roosevelt County, MT"
41049,"Morrow County, OR"
05017,"Chicot County, AR"
40127,"Pushmataha County, OK"
16021,"Boundary County, ID"
51057,"Essex County, VA"
21087,"Green County, KY"
01131,"Wilcox County, AL"
28103,"Noxubee County, MS"
05011,"Bradley County, AR"
48379,"Rains County, TX"
51103,"Lancaster County, VA"
38003,"Barnes County, ND"
40069,"Johnston County, OK"
05109,"Pike County, AR"
19081,"Hancock County, IA"
26097,"Mackinac County, MI"
27165,"Watonwan County, MN"
38099,"Walsh County, ND"
13281,"Towns County, GA"
27121,"Pope County, MN"
13043,"Candler County, GA"
29149,"Oregon County, MO"
48031,"Blanco County, TX"
17035,"Cumberland County, IL"
31145,"Red Willow County, NE"
21131,"Leslie County, KY"
37005,"Alleghany County, NC"
01037,"Coosa County, AL"
48127,"Dimmit County, TX"
31041,"Custer County, NE"
21041,"Carroll County, KY"
19131,"Mitchell County, IA"
13109,"Evans County, GA"
37043,"Clay County, NC"
51119,"Middlesex County, VA"
27075,"Lake County, MN"
38053,"McKenzie County, ND"
22091,"St. Helena Parish, LA"
25019,"Nantucket County, MA"
21171,"Monroe County, KY"
19077,"Guthrie County, IA"
21187,"Owen County, KY"
05127,"Scott County, AR"
49029,"Morgan County, UT"
40077,"Latimer County, OK"
18025,"Crawford County, IN"
19189,"Winnebago County, IA"
48357,"Ochiltree County, TX"
48159,"Franklin County, TX"
49015,"Emery County, UT"
01085,"Lowndes County, AL"
01011,"Bullock County, AL"
40105,"Nowata County, OK"
49023,"Juab County, UT"
31037,"Colfax County, NE"
18155,"Switzerland County, IN"
13099,"Early County, GA"
26001,"Alcona County, MI"
16081,"Teton County, ID"
48399,"Runnels County, TX"
28143,"Tunica County, MS"
19069,"Franklin County, IA"
13173,"Lanier County, GA"
19137,"Montgomery County, IA"
48077,"Clay County, TX"
48403,"Sabine County, TX"
31089,"Holt County, NE"
28097,"Montgomery County, MS"
30009,"Carbon County, MT"
53043,"Lincoln County, WA"
28015,"Carroll County, MS"
46109,"Roberts County, SD"
46019,"Butte County, SD"
05105,"Perry County, AR"
19107,"Keokuk County, IA"
29079,"Grundy County, MO"
37029,"Camden County, NC"
29173,"Ralls County, MO"
29093,"Iron County, MO"
18101,"Martin County, IN"
48315,"Marion County, TX"
20131,"Nemaha County, KS"
21053,"Clinton County, KY"
27063,"Jackson County, MN"
08125,"Yuma County, CO"
29089,"Howard County, MO"
29111,"Lewis County, MO"
22025,"Catahoula Parish, LA"
28069,"Kemper County, MS"
31033,"Cheyenne County, NE"
37103,"Jones County, NC"
54085,"Ritchie County, WV"
27173,"Yellow Medicine County, MN"
16087,"Washington County, ID"
19161,"Sac County, IA"
56035,"Sublette County, WY"
46121,"Todd County, SD"
22021,"Caldwell Parish, LA"
21169,"Metcalfe County, KY"
20117,"Marshall County, KS"
20159,"Rice County, KS"
13317,"Wilkes County, GA"
28155,"Webster County, MS"
48369,"Parmer County, TX"
16085,"Valley County, ID"
32033,"White Pine County, NV"
02180,"Nome Borough, AK"
19025,"Calhoun County, IA"
01105,"Perry County, AL"
19063,"Emmet County, IA"
20013,"Brown County, KS"
45065,"McCormick County, SC"
48429,"Stephens County, TX"
05077,"Lee County, AR"
40011,"Blaine County, OK"
51049,"Cumberland County, VA"
40085,"Love County, OK"
27149,"Stevens County, MN"
20151,"Pratt County, KS"
13167,"Johnson County, GA"
02185,"North Slope Borough, AK"
38061,"Mountrail County, ND"
19091,"Humboldt County, IA"
17079,"Jasper County, IL"
45005,"Allendale County, SC"
38055,"McLean County, ND"
27133,"Rock County, MN"
20107,"Linn County, KS"
02261,"Valdez-Cordova Borough, AK"
21149,"McLean County, KY"
27151,"Swift County, MN"
29153,"Ozark County, MO"
29185,"St. Clair County, MO"
30021,"Dawson County, MT"
19089,"Howard County, IA"
49019,"Grand County, UT"
31179,"Wayne County, NE"
27089,"Marshall County, MN"
26003,"Alger County, MI"
13155,"Irwin County, GA"
21139,"Livingston County, KY"
30087,"Rosebud County, MT"
30095,"Stillwater County, MT"
26119,"Montmorency County, MI"
30001,"Beaverhead County, MT"
13319,"Wilkinson County, GA"
20029,"Cloud County, KS"
27117,"Pipestone County, MN"
46023,"Charles Mix County, SD"
19039,"Clarke County, IA"
29085,"Hickory County, MO"
40075,"Kiowa County, OK"
08019,"Clear Creek County, CO"
31137,"Phelps County, NE"
28157,"Wilkinson County, MS"
04011,"Greenlee County, AZ"
21055,"Crittenden County, KY"
28021,"Claiborne County, MS"
48043,"Brewster County, TX"
30023,"Deer Lodge County, MT"
19147,"Palo Alto County, IA"
13273,"Terrell County, GA"
40151,"Woods County, OK"
31081,"Hamilton County, NE"
55041,"Forest, WI"
05097,"Montgomery County, AR"
19073,"Greene County, IA"
31045,"Dawes County, NE"
16009,"Benewah County, ID"
29025,"Caldwell County, MO"
13165,"Jenkins County, GA"
31039,"Cuming County, NE"
54015,"Clay County, WV"
06049,"Modoc County, CA"
19133,"Monona County, IA"
29033,"Carroll County, MO"
13209,"Montgomery County, GA"
54095,"Tyler County, WV"
48335,"Mitchell County, TX"
29125,"Maries County, MO"
20205,"Wilson County, KS"
02220,"Sitka Borough, AK"
13315,"Wilcox County, GA"
51159,"Richmond County, VA"
48237,"Jack County, TX"
51115,"Mathews County, VA"
28053,"Humphreys County, MS"
54101,"Webster County, WV"
19051,"Davis County, IA"
27029,"Clearwater County, MN"
22081,"Red River Parish, LA"
21223,"Trimble County, KY"
48009,"Archer County, TX"
13141,"Hancock County, GA"
12067,"Lafayette County, FL"
56031,"Platte County, WY"
21091,"Hancock County, KY"
18007,"Benton County, IN"
19117,"Lucas County, IA"
13253,"Seminole County, GA"
48425,"Somervell County, TX"
38057,"Mercer County, ND"
05099,"Nevada County, AR"
31027,"Cedar County, NE"
37075,"Graham County, NC"
29081,"Harrison County, MO"
13197,"Marion County, GA"
29137,"Monroe County, MO"
54075,"Pocahontas County, WV"
26013,"Baraga County, MI"
01063,"Greene County, AL"
56019,"Johnson County, WY"
48405,"San Augustine County, TX"
35037,"Quay County, NM"
31107,"Knox County, NE"
21077,"Gallatin County, KY"
16035,"Clearwater County, ID"
54021,"Gilmer County, WV"
48083,"Coleman County, TX"
27101,"Murray County, MN"
46033,"Custer County, SD"
20031,"Coffey County, KS"
05025,"Cleveland County, AR"
51620,"Franklin  Independent City, VA"
21023,"Bracken County, KY"
28009,"Benton County, MS"
26135,"Oscoda County, MI"
13289,"Twiggs County, GA"
54017,"Doddridge County, WV"
13269,"Taylor County, GA"
56043,"Washakie County, WY"
20027,"Clay County, KS"
05117,"Prairie County, AR"
21143,"Lyon County, KY"
28019,"Choctaw County, MS"
48501,"Yoakum County, TX"
18171,"Warren County, IN"
46125,"Turner County, SD"
12077,"Liberty County, FL"
13003,"Atkinson County, GA"
29061,"Daviess County, MO"
29203,"Shannon County, MO"
17065,"Hamilton County, IL"
48307,"McCulloch County, TX"
47083,"Houston County, TN"
48193,"Hamilton County, TX"
21007,"Ballard County, KY"
08021,"Conejos County, CO"
19053,"Decatur County, IA"
31023,"Butler County, NE"
26153,"Schoolcraft County, MI"
08063,"Kit Carson County, CO"
13287,"Turner County, GA"
31147,"Richardson County, NE"
31101,"Keith County, NE"
38097,"Traill County, ND"
05101,"Newton County, AR"
47169,"Trousdale County, TN"
19135,"Monroe County, IA"
05129,"Searcy County, AR"
13309,"Wheeler County, GA"
20193,"Thomas County, KS"
47135,"Perry County, TN"
48069,"Castro County, TX"
20003,"Anderson County, KS"
28037,"Franklin County, MS"
30057,"Madison County, MT"
41037,"Lake County, OR"
20043,"Doniphan County, KS"
31121,"Merrick County, NE"
47027,"Clay County, TN"
08113,"San Miguel County, CO"
20067,"Grant County, KS"
16059,"Lemhi County, ID"
05039,"Dallas County, AR"
48495,"Winkler County, TX"
02188,"Northwest Arctic Borough, AK"
40093,"Major County, OK"
13181,"Lincoln County, GA"
20095,"Kingman County, KS"
16077,"Power County, ID"
21063,"Elliott County, KY"
47095,"Lake County, TN"
48437,"Swisher County, TX"
53019,"Ferry County, WA"
28119,"Quitman County, MS"
29041,"Chariton County, MO"
54073,"Pleasants County, WV"
40141,"Tillman County, OK"
29057,"Dade County, MO"
30105,"Valley County, MT"
19195,"Worth County, IA"
05095,"Monroe County, AR"
28063,"Jefferson County, MS"
42053,"Forest County, PA"
54013,"Calhoun County, WV"
48175,"Goliad County, TX"
22035,"East Carroll Parish, LA"
51157,"Rappahannock County, VA"
08065,"Lake County, CO"
19177,"Van Buren County, IA"
31095,"Jefferson County, NE"
55091,"Pepin, WI"
19001,"Adair County, IA"
48283,"La Salle County, TX"
48391,"Refugio County, TX"
54071,"Pendleton County, WV"
56011,"Crook County, WY"
46067,"Hutchinson County, SD"
18161,"Union County, IN"
41023,"Grant County, OR"
13243,"Randolph County, GA"
21237,"Wolfe County, KY"
48047,"Brooks County, TX"
49025,"Kane County, UT"
41025,"Harney County, OR"
17169,"Schuyler County, IL"
46051,"Grant County, SD"
31139,"Pierce County, NE"
56045,"Weston County, WY"
48377,"Presidio County, TX"
51097,"King and Queen County, VA"
38067,"Pembina County, ND"
48017,"Bailey County, TX"
05073,"Lafayette County, AR"
31127,"Nemaha County, NE"
51036,"Charles City County, VA"
21181,"Nicholas County, KY"
19151,"Pocahontas County, IA"
48075,"Childress County, TX"
48111,"Dallam County, TX"
17003,"Alexander County, IL"
19093,"Ida County, IA"
51678,"Lexington  Independent City, VA"
19071,"Fremont County, IA"
46009,"Bon Homme County, SD"
31173,"Thurston County, NE"
20167,"Russell County, KS"
02240,"Southeast Fairbanks Borough, AK"
17071,"Henderson County, IL"
20197,"Wabaunsee County, KS"
50013,"Grand Isle County, VT"
30077,"Powell County, MT"
54093,"Tucker County, WV"
27073,"Lac qui Parle County, MN"
21129,"Lee County, KY"
16015,"Boise County, ID"
46047,"Fall River County, SD"
05147,"Woodruff County, AR"
29045,"Clark County, MO"
51640,"Galax  Independent City, VA"
20145,"Pawnee County, KS"
17009,"Brown County, IL"
41063,"Wallowa County, OR"
13065,"Clinch County, GA"
16029,"Caribou County, ID"
38005,"Benson County, ND"
21057,"Cumberland County, KY"
29075,"Gentry County, MO"
22023,"Cameron Parish, LA"
51181,"Surry County, VA"
13283,"Treutlen County, GA"
32027,"Pershing County, NV"
08103,"Rio Blanco County, CO"
38009,"Bottineau County, ND"
27107,"Norman County, MN"
48169,"Garza County, TX"
17047,"Edwards County, IL"
51021,"Bland County, VA"
51530,"Buena Vista  Independent City, VA"
30005,"Blaine County, MT"
47067,"Hancock County, TN"
31021,"Burt County, NE"
31099,"Kearney County, NE"
46115,"Spink County, SD"
29179,"Reynolds County, MO"
08055,"Huerfano County, CO"
27167,"Wilkin County, MN"
26095,"Luce County, MI"
46101,"Moody County, SD"
13037,"Calhoun County, GA"
49001,"Beaver County, UT"
31003,"Antelope County, NE"
29211,"Sullivan County, MO"
19185,"Wayne County, IA"
20053,"Ellsworth County, KS"
02198,"Prince of Wales-Hyder Borough, AK"
13263,"Talbot County, GA"
31093,"Howard County, NE"
21165,"Menifee County, KY"
21075,"Fulton County, KY"
47127,"Moore County, TN"
31035,"Clay County, NE"
20073,"Greenwood County, KS"
42113,"Sullivan County, PA"
20123,"Mitchell County, KS"
40067,"Jefferson County, OK"
08109,"Saguache County, CO"
29035,"Carter County, MO"
19173,"Taylor County, IA"
50009,"Essex County, VT"
30073,"Pondera County, MT"
26131,"Ontonagon County, MI"
19143,"Osceola County, IA"
29205,"Shelby County, MO"
48153,"Floyd County, TX"
40055,"Greer County, OK"
30099,"Teton County, MT"
40033,"Cotton County, OK"
20181,"Sherman County, KS"
20069,"Gray County, KS"
48065,"Carson County, TX"
31167,"Stanton County, NE"
20143,"Ottawa County, KS"
18115,"Ohio County, IN"
46057,"Hamlin County, SD"
48107,"Crosby County, TX"
48205,"Hartley County, TX"
27051,"Grant County, MN"
16007,"Bear Lake County, ID"
38049,"McHenry County, ND"
13201,"Miller County, GA"
32015,"Lander County, NV"
48411,"San Saba County, TX"
55051,"Iron, WI"
17175,"Stark County, IL"
30015,"Chouteau County, MT"
54105,"Wirt County, WV"
08011,"Bent County, CO"
48207,"Haskell County, TX"
31051,"Dixon County, NE"
20077,"Harper County, KS"
19009,"Audubon County, IA"
27081,"Lincoln County, MN"
17153,"Pulaski County, IL"
13259,"Stewart County, GA"
40003,"Alfalfa County, OK"
31031,"Cherry County, NE"
40029,"Coal County, OK"
17155,"Putnam County, IL"
20189,"Stevens County, KS"
48305,"Lynn County, TX"
02016,"Aleutians West Borough, AK"
08047,"Gilpin County, CO"
20127,"Morris County, KS"
30007,"Broadwater County, MT"
31059,"Fillmore County, NE"
46041,"Dewey County, SD"
51580,"Covington  Independent City, VA"
48483,"Wheeler County, TX"
47175,"Van Buren County, TN"
37095,"Hyde County, NC"
46087,"McCook County, SD"
20201,"Washington County, KS"
02290,"Yukon-Koyukuk Borough, AK"
46037,"Day County, SD"
51595,"Emporia  Independent City, VA"
20137,"Norton County, KS"
48195,"Hansford County, TX"
46129,"Walworth County, SD"
08025,"Crowley County, CO"
08073,"Lincoln County, CO"
13301,"Warren County, GA"
20147,"Phillips County, KS"
27087,"Mahnomen County, MN"
40007,"Beaver County, OK"
46123,"Tripp County, SD"
38073,"Ransom County, ND"
48317,"Martin County, TX"
29005,"Atchison County, MO"
31011,"Boone County, NE"
17059,"Gallatin County, IL"
46015,"Brule County, SD"
16063,"Lincoln County, ID"
31161,"Sheridan County, NE"
31143,"Polk County, NE"
48119,"Delta County, TX"
48247,"Jim Hogg County, TX"
27031,"Cook County, MN"
05013,"Calhoun County, AR"
51045,"Craig County, VA"
17171,"Scott County, IL"
31097,"Johnson County, NE"
31169,"Thayer County, NE"
20163,"Rooks County, KS"
38021,"Dickey County, ND"
32017,"Lincoln County, NV"
30101,"Toole County, MT"
27011,"Big Stone County, MN"
47137,"Pickett County, TN"
13249,"Schley County, GA"
46077,"Kingsbury County, SD"
19159,"Ringgold County, IA"
49017,"Garfield County, UT"
02070,"Dillingham Borough, AK"
17013,"Calhoun County, IL"
20171,"Scott County, KS"
21039,"Carlisle County, KY"
29199,"Scotland County, MO"
29171,"Putnam County, MO"
48333,"Mills County, TX"
40043,"Dewey County, OK"
31065,"Furnas County, NE"
31123,"Morrill County, NE"
20007,"Barber County, KS"
48103,"Crane County, TX"
08121,"Washington County, CO"
42023,"Cameron County, PA"
22107,"Tensas Parish, LA"
56017,"Hot Springs County, WY"
30065,"Musselshell County, MT"
20157,"Republic County, KS"
46091,"Marshall County, SD"
36041,"Hamilton County, NY"
21105,"Hickman County, KY"
28125,"Sharkey County, MS"
08091,"Ouray County, CO"
35033,"Mora County, NM"
51017,"Bath County, VA"
21189,"Owsley County, KY"
29087,"Holt County, MO"
35023,"Hidalgo County, NM"
32021,"Mineral County, NV"
40053,"Grant County, OK"
55037,"Florence, WI"
35019,"Guadalupe County, NM"
55078,"Menominee, WI"
48267,"Kimble County, TX"
27069,"Kittson County, MN"
38085,"Sioux County, ND"
29197,"Schuyler County, MO"
08027,"Custer County, CO"
38069,"Pierce County, ND"
31129,"Nuckolls County, NE"
08095,"Phillips County, CO"
20119,"Meade County, KS"
46039,"Deuel County, SD"
35059,"Union County, NM"
20185,"Stafford County, KS"
38025,"Dunn County, ND"
16071,"Oneida County, ID"
17151,"Pope County, IL"
31175,"Valley County, NE"
30061,"Mineral County, MT"
46053,"Gregory County, SD"
16037,"Custer County, ID"
38103,"Wells County, ND"
17069,"Hardin County, IL"
46031,"Corson County, SD"
48211,"Hemphill County, TX"
30071,"Phillips County, MT"
48095,"Concho County, TX"
37177,"Tyrrell County, NC"
40045,"Ellis County, OK"
38045,"LaMoure County, ND"
20081,"Haskell County, KS"
48319,"Mason County, TX"
31029,"Chase County, NE"
53069,"Wahkiakum County, WA"
27125,"Red Lake County, MN"
13101,"Echols County, GA"
46045,"Edmunds County, SD"
29103,"Knox County, MO"
51720,"Norton  Independent City, VA"
53013,"Columbia County, WA"
48197,"Hardeman County, TX"
20093,"Kearny County, KS"
32029,"Storey County, NV"
48435,"Sutton County, TX"
27077,"Lake of the Woods County, MN"
38081,"Sargent County, ND"
38019,"Cavalier County, ND"
16003,"Adams County, ID"
46085,"Lyman County, SD"
48151,"Fisher County, TX"
48105,"Crockett County, TX"
16061,"Lewis County, ID"
19003,"Adams County, IA"
48275,"Knox County, TX"
40059,"Harper County, OK"
20141,"Osborne County, KS"
40129,"Roger Mills County, OK"
31105,"Kimball County, NE"
29129,"Mercer County, MO"
20183,"Smith County, KS"
31181,"Webster County, NE"
08009,"Baca County, CO"
30091,"Sheridan County, MT"
46025,"Clark County, SD"
48023,"Baylor County, TX"
30097,"Sweet Grass County, MT"
48383,"Reagan County, TX"
31125,"Nance County, NE"
08023,"Costilla County, CO"
48271,"Kinney County, TX"
35003,"Catron County, NM"
48295,"Lipscomb County, TX"
48129,"Donley County, TX"
48229,"Hudspeth County, TX"
48461,"Upton County, TX"
20019,"Chautauqua County, KS"
31083,"Harlan County, NE"
46007,"Bennett County, SD"
38029,"Emmons County, ND"
27155,"Traverse County, MN"
46061,"Hanson County, SD"
48385,"Real County, TX"
38031,"Foster County, ND"
48417,"Shackelford County, TX"
46059,"Hand County, SD"
02013,"Aleutians East Borough, AK"
46071,"Jackson County, SD"
13007,"Baker County, GA"
38011,"Bowman County, ND"
48081,"Coke County, TX"
30039,"Granite County, MT"
02195,"Petersburg Borough, AK"
20207,"Woodson County, KS"
48413,"Schleicher County, TX"
48191,"Hall County, TX"
20165,"Rush County, KS"
20105,"Lincoln County, KS"
31163,"Sherman County, NE"
31061,"Franklin County, NE"
48421,"Sherman County, TX"
13061,"Clay County, GA"
13125,"Glascock County, GA"
20135,"Ness County, KS"
20129,"Morton County, KS"
38063,"Nelson County, ND"
48087,"Collingsworth County, TX"
31017,"Brown County, NE"
46105,"Perkins County, SD"
20089,"Jewell County, KS"
20047,"Edwards County, KS"
46117,"Stanley County, SD"
46043,"Douglas County, SD"
48079,"Cochran County, TX"
06091,"Sierra County, CA"
20195,"Trego County, KS"
30025,"Fallon County, MT"
31135,"Perkins County, NE"
20039,"Decatur County, KS"
31087,"Hitchcock County, NE"
46137,"Ziebach County, SD"
40057,"Harmon County, OK"
20109,"Logan County, KS"
38051,"McIntosh County, ND"
46003,"Aurora County, SD"
49055,"Wayne County, UT"
31133,"Pawnee County, NE"
20017,"Chase County, KS"
20063,"Gove County, KS"
20023,"Cheyenne County, KS"
13307,"Webster County, GA"
38041,"Hettinger County, ND"
20049,"Elk County, KS"
31063,"Frontier County, NE"
16023,"Butte County, ID"
20065,"Graham County, KS"
38075,"Renville County, ND"
20075,"Hamilton County, KS"
20153,"Rawlins County, KS"
02100,"Haines Borough, AK"
20179,"Sheridan County, KS"
20097,"Kiowa County, KS"
56027,"Niobrara County, WY"
31077,"Greeley County, NE"
38043,"Kidder County, ND"
02275,"Wrangell Borough, AK"
38027,"Eddy County, ND"
38023,"Divide County, ND"
38037,"Grant County, ND"
08115,"Sedgwick County, CO"
46049,"Faulk County, SD"
46111,"Sanborn County, SD"
38001,"Adams County, ND"
38039,"Griggs County, ND"
46107,"Potter County, SD"
46097,"Miner County, SD"
30051,"Liberty County, MT"
38095,"Towner County, ND"
49033,"Rich County, UT"
40025,"Cimarron County, OK"
48109,"Culberson County, TX"
46089,"McPherson County, SD"
38013,"Burke County, ND"
48125,"Dickens County, TX"
53023,"Garfield County, WA"
51091,"Highland County, VA"
48243,"Jeff Davis County, TX"
26083,"Keweenaw County, MI"
21201,"Robertson County, KY"
20203,"Wichita County, KS"
48327,"Menard County, TX"
20025,"Clark County, KS"
02068,"Denali Borough, AK"
20187,"Stanton County, KS"
30107,"Wheatland County, MT"
02105,"Hoonah-Angoon Borough, AK"
13239,"Quitman County, GA"
46095,"Mellette County, SD"
46055,"Haakon County, SD"
08017,"Cheyenne County, CO"
48359,"Oldham County, TX"
29227,"Worth County, MO"
46017,"Buffalo County, SD"
46073,"Jerauld County, SD"
48137,"Edwards County, TX"
31015,"Boyd County, NE"
30045,"Judith Basin County, MT"
31073,"Gosper County, NE"
35011,"DeBaca County, NM"
38091,"Steele County, ND"
31071,"Garfield County, NE"
30059,"Meagher County, MT"
38047,"Logan County, ND"
31049,"Deuel County, NE"
31069,"Garden County, NE"
20083,"Hodgeman County, KS"
41021,"Gilliam County, OR"
48011,"Armstrong County, TX"
13265,"Taliaferro County, GA"
20033,"Comanche County, KS"
38033,"Golden Valley County, ND"
49031,"Piute County, UT"
31057,"Dundy County, NE"
08033,"Dolores County, CO"
30019,"Daniels County, MT"
38065,"Oliver County, ND"
32011,"Eureka County, NV"
41055,"Sherman County, OR"
20101,"Lane County, KS"
30055,"McCone County, MT"
48045,"Briscoe County, TX"
30075,"Powder River County, MT"
48235,"Irion County, TX"
20199,"Wallace County, KS"
48101,"Cottle County, TX"
46021,"Campbell County, SD"
48447,"Throckmorton County, TX"
08061,"Kiowa County, CO"
46119,"Sully County, SD"
46069,"Hyde County, SD"
30079,"Prairie County, MT"
02164,"Lake and Peninsula Borough, AK"
31149,"Rock County, NE"
38083,"Sheridan County, ND"
41069,"Wheeler County, OR"
28055,"Issaquena County, MS"
48155,"Foard County, TX"
08057,"Jackson County, CO"
30011,"Carter County, MT"
46063,"Harding County, SD"
31165,"Sioux County, NE"
48173,"Glasscock County, TX"
20071,"Greeley County, KS"
48431,"Sterling County, TX"
48433,"Stonewall County, TX"
06003,"Alpine County, CA"
30109,"Wibaux County, MT"
32009,"Esmeralda County, NV"
30033,"Garfield County, MT"
48345,"Motley County, TX"
02230,"Skagway Borough, AK"
31085,"Hayes County, NE"
16025,"Camas County, ID"
16033,"Clark County, ID"
02060,"Bristol Bay Borough, AK"
48393,"Roberts County, TX"
38007,"Billings County, ND"
08053,"Hinsdale County, CO"
30103,"Treasure County, MT"
31113,"Logan County, NE"
31183,"Wheeler County, NE"
31007,"Banner County, NE"
08079,"Mineral County, CO"
48443,"Terrell County, TX"
46075,"Jones County, SD"
49009,"Daggett County, UT"
31103,"Keya Paha County, NE"
30037,"Golden Valley County, MT"
48033,"Borden County, TX"
31171,"Thomas County, NE"
48311,"McMullen County, TX"
31091,"Hooker County, NE"
48263,"Kent County, TX"
38087,"Slope County, ND"
31075,"Grant County, NE"
02282,"Yakutat Borough, AK"
31009,"Blaine County, NE"
35021,"Harding County, NM"
48261,"Kenedy County, TX"
08111,"San Juan County, CO"
31115,"Loup County, NE"
30069,"Petroleum County, MT"
31005,"Arthur County, NE"
31117,"McPherson County, NE"
48269,"King County, TX"
15005,"Kalawao County, HI"
48301,"Loving County, TX"
15901,"Kalawao + Maui County, HI"
46113,"Shannon County, SD"
51515,"Bedford Independent City, VA"
02232,"Skagway-Hoonah-Angoon Borough, AK"
02270,"Wade Hampton Borough, AK"
02280,"Wrangell-Petersburg Borough, AK"
02901,"P. of Wales-Outer Ketchikan + Ketchikan Gateway Borough, AK"
